\c barbershop_db;
-- Fill table users
INSERT INTO users (login, password, name, surname, patronymic, email, phone, image_path, role)
VALUES
('irrefragableness', '$2a$10$hDuW/cyURFEwWlzF3Ic68OSwILNYu/XV06nw1gN8oa3dwEVTWqvzi', 'Иринарх', 'Ежовский', 'Яковлевич', 'irrefragableness@gmail.com', 396674509, 'resources/upload/avatars/46.jpg', 0),
('exclusions', '$2a$10$gvGOg0DcgeF7C/SD0Fi.tu22ZAWVkP66.Bd.SiLW7wPi5gxG1dNDK', 'Сильвестр', 'Нездольев', 'Викторович', 'exclusions@gmail.com', 191939700, 'resources/upload/avatars/52.jpg', 1),
('burin', '$2a$10$HvNe3B35TAjvd6llHXqN/.ajDObW3NKKuR.t.MVu./u0HXUuFc/pa', 'Абросим', 'Царицын', 'Егорович', 'burin@gmail.com', 507935997, 'resources/upload/avatars/4.jpg', 2),
('mendel', '$2a$10$GnCEqc9ccYyXUKb7Eyxdke7ZBZj581MkTE1oO2wCxPFJelkr9MVFG', 'Донат', 'Осипов', 'Олегович', 'mendel@gmail.com', 739323847, 'resources/upload/avatars/11.jpg', 3),
('antifelon', '$2a$10$/kx.YQ/41Am26rP4pP5D5egmkcnmSWrqXp43MEVm484ymMWh9b7XK', 'Альфия', 'Маковеева', 'Матвеевна', 'antifelon@gmail.com', 432318798, 'resources/upload/avatars/78.jpg', 3),
('coronation', '$2a$10$.Pdtg16gUUf6hSaJLYzqg.nroTDw.crMrUMj9BxTqvk1oms9Yf0uW', 'Каллисфен', 'Серов', 'Платонович', 'coronation@gmail.com', 879844239, 'resources/upload/avatars/15.jpg', 1),
('lapithaean', '$2a$10$0qgbEF2154KbIlzDfNOaMOZAXvPOwzHdiKFDI6sYLM59MkX1cGHAa', 'Лада', 'Саранаа', 'Артемовна', 'lapithaean@gmail.com', 391929573, 'resources/upload/avatars/96.jpg', 2),
('jogglework', '$2a$10$hzmVW71TZThYuLqGUs3y/uLoOPg9VgSr4ZWmnE9Co/K/3/2xqr2Pe', 'Неонила', 'Ерушевича', 'Геннадиевна', 'jogglework@gmail.com', 796321477, 'resources/upload/avatars/109.jpg', 0),
('hutholder', '$2a$10$SpFiAxwUhpBZKN7cLdZCFu3yXIh.cLa.UYI6ywtqlyz382zbkJ/7u', 'Терентий', 'Посадский', 'Артемович', 'hutholder@gmail.com', 741551951, 'resources/upload/avatars/15.jpg', 1),
('azobenzene', '$2a$10$/wJV1vZuU.kNJ00DKKCD4usQMZRFIh/NLO7i1J8L8zzVR7/KRZKEG', 'Ириней', 'Любовин', 'Тимофеевич', 'azobenzene@gmail.com', 334561829, 'resources/upload/avatars/50.jpg', 2),
('mobilization', '$2a$10$99Dzeuw5EYtAjDDJa.p.N.k3fRR67LwIZiAB0fJFy4ZhgOdMMK2lS', 'Дорофей', 'Федков', 'Северинович', 'mobilization@gmail.com', 776843891, 'resources/upload/avatars/21.jpg', 1),
('lunchboxes', '$2a$10$Auu1ZqZfk6smVAxI7.891OX/2dhUHCgaTojQQrJV/4QZgPNOH4OnC', 'Арефий', 'Гончарик', 'Валерьевич', 'lunchboxes@gmail.com', 678835197, 'resources/upload/avatars/4.jpg', 0),
('absorbed', '$2a$10$wzaEj3NvTFef8uc1RvOTsuwUexvEg5DjR1MkZffQyuon7a6vco9Gy', 'Сабина', 'Аношина', 'Ефимовна', 'absorbed@gmail.com', 213813480, 'resources/upload/avatars/100.jpg', 2),
('disreputation', '$2a$10$GwneyQVO/tkQIhF/YC4VPu6VU.nGJdyA/nD0pm7CjvgzafUkrxNEu', 'Фабиан', 'Кутыркин', 'Богданович', 'disreputation@gmail.com', 995703433, 'resources/upload/avatars/42.jpg', 3),
('kerbed', '$2a$10$jpsE3hJb4GhtYwbQGa2OKeZezSBZgYidlo.K8Wikz50ZzpbRvMJ6C', 'Вилена', 'Демчика', 'Дмитриевна', 'kerbed@gmail.com', 792913414, 'resources/upload/avatars/111.jpg', 0),
('eruptively', '$2a$10$H3dzqn.OkaLRPu7FoKv3eODlJwqyzzA1piHLMSzimRRlNaNjDGbxm', 'Магна', 'Глаза', 'Робертовна', 'eruptively@gmail.com', 739912981, 'resources/upload/avatars/66.jpg', 0),
('comicodidactic', '$2a$10$vIOTCM3beLv7jpW7CIVTIeoK19dgj/6zvoiLHrMndCWy03enS2PmS', 'Тарас', 'Трусаков', 'Семенович', 'comicodidactic@gmail.com', 50856641, 'resources/upload/avatars/49.jpg', 3),
('ludden', '$2a$10$vVP.x1nM0KGv6YKvPCzhR.oYvEAWMHUHtNwnjHKGtL3.kvUb.K51K', 'Максим', 'Гришенков', 'Федорович', 'ludden@gmail.com', 350107709, 'resources/upload/avatars/14.jpg', 1),
('coelector', '$2a$10$OnR3ZyxAK7wh1xb/dcg1v.I9H0kCZixFy./zAwEvv9LzVKaNWuk56', 'Доминик', 'Шелыгин', 'Палыч', 'coelector@gmail.com', 498727248, 'resources/upload/avatars/41.jpg', 1),
('anarchical', '$2a$10$SONa/gVhhmidQnOab00VHebUFcuDqtGyisZVksycqFGQ9GYnFvsj.', 'Ксения', 'Меньщикова', 'Васильевна', 'anarchical@gmail.com', 432371007, 'resources/upload/avatars/116.jpg', 1),
('hinted', '$2a$10$AJ28mpjGWx.ykC53U1UlgOIszLoPvbomUZ5WGYLURlcYrLt88MVvm', 'Агафоклия', 'Атаманченкоа', 'Михайловна', 'hinted@gmail.com', 131877955, 'resources/upload/avatars/75.jpg', 0),
('balmacaan', '$2a$10$HtCY.BdxQnJCuijKJA2IlOcnP6QuaXKJFJSYEHit9ZAsgZvrVcSZ2', 'Эрнст', 'Куприн', 'Феликсович', 'balmacaan@gmail.com', 438506443, 'resources/upload/avatars/5.jpg', 0),
('gravelly', '$2a$10$.fygLD4VoOjY..ZtGrwe9e4owhuTQZpCzuOB2JpSLhQZuIcNghmMi', 'Мстислав', 'Тимяшев', 'Робертович', 'gravelly@gmail.com', 922596976, 'resources/upload/avatars/42.jpg', 0),
('mortmain', '$2a$10$ObWYIfqpV2HU90bYUIFKVO4gbMTBimszOc9hFIk.3dr/DR2InhjHW', 'Тамара', 'Стасова', 'Эдуардовна', 'mortmain@gmail.com', 393519653, 'resources/upload/avatars/90.jpg', 2),
('decided', '$2a$10$iZWx/MgXYh6sulSuVvMfaeBJZYKre4bekJ.WGLvQo6heRKnH3Pyrq', 'Прохор', 'Оплетин', 'Федорович', 'decided@gmail.com', 219893882, 'resources/upload/avatars/35.jpg', 0),
('anamorphism', '$2a$10$FKMKY/.qSlLjz3hMssYNCOXL17UncefbToJkM4L8tHmwxcXp6IwiC', 'Леонид', 'Веремеев', 'Феликсович', 'anamorphism@gmail.com', 26460211, 'resources/upload/avatars/38.jpg', 0),
('fellside', '$2a$10$I6QyCZNCE72gC6gbczl9..DwjrX675MKuR3UgjGyladhreXjFvaWG', 'Аста', 'Стрельченкоа', 'Ефимовна', 'fellside@gmail.com', 598036894, 'resources/upload/avatars/82.jpg', 2),
('disharmonies', '$2a$10$pBaiVqz4jhldcMMFLU4oSO5HpDvoxNjKgnXu6p8DEo2ZZhsXKsFdW', 'Вила', 'Бокова', 'Романовна', 'disharmonies@gmail.com', 864586276, 'resources/upload/avatars/90.jpg', 0),
('hotelizes', '$2a$10$O8ZplazEixL0POzOHZ/8B.cOZ7.KOSdJG5jJqBkYL3uNjU8t1AvKe', 'Савина', 'Тупоногова', 'Егоровна', 'hotelizes@gmail.com', 460416557, 'resources/upload/avatars/75.jpg', 2),
('Ebony', '$2a$10$5fMkhtGXQTS93uzcU6dFbeKNlep.vKUgCmZ0adJrNyjZeK03tIGh.', 'Евстрат', 'Ящуков', 'Робертович', 'Ebony@gmail.com', 288862868, 'resources/upload/avatars/60.jpg', 2),
('larigot', '$2a$10$lFcon.HgTyGecU7wtDsokOkej0CBgVxqtFdbZRyUXDCKa/SJEnPku', 'Яков', 'Анцыферов', 'Яковлевич', 'larigot@gmail.com', 537700285, 'resources/upload/avatars/37.jpg', 1),
('deadman', '$2a$10$yGO0ITuDSX.qDhFw58lRN.thxbD0Owt.OaoXrtDGzvShO0KmdzXHO', 'Милана', 'Охотина', 'Кирилловна', 'deadman@gmail.com', 364989678, 'resources/upload/avatars/66.jpg', 2),
('lebanese', '$2a$10$iavKB62ItRqz.uj3g0tbVOEcp0B2GncquF5vq19YZfCnVDLDLiQFq', 'Феофила', 'Бесхлебныйа', 'Николаевна', 'lebanese@gmail.com', 825394064, 'resources/upload/avatars/85.jpg', 0),
('commentatorial', '$2a$10$JeckT8FwN6R1WFtW7FqqLe9Ir9iN1H8qxi2qz923vWAl7XisiaAQK', 'Ян', 'Хусит', 'Федорович', 'commentatorial@gmail.com', 265910993, 'resources/upload/avatars/2.jpg', 1),
('hotdogging', '$2a$10$JOGSPQX9xY5pyRmuQR1OwebMmp4z90d1WK069D8nf7bdebRriSg2S', 'Егор', 'Угорич', 'Петрович', 'hotdogging@gmail.com', 591705838, 'resources/upload/avatars/10.jpg', 2),
('earns', '$2a$10$L2AmsUc.Xa1/AImqan9GSOpFRLB1JzQZGxHuRe2JhM.78ckW02PxG', 'Виталия', 'Карконосова', 'Ефимовна', 'earns@gmail.com', 663342308, 'resources/upload/avatars/115.jpg', 1),
('flamethrowers', '$2a$10$/p/RVVzQVNTpoIi6PFjxeuldCjtCeKxfr.8fywPCmHqk8rYw.jS2S', 'Лазарь', 'Абашкин', 'Геннадиевич', 'flamethrowers@gmail.com', 764402256, 'resources/upload/avatars/12.jpg', 2),
('acetomorphine', '$2a$10$GDsh8wRo63bbVO1tWWCRAuwZtkeVqKK9VsOR6QySAgpkArHXSFbrW', 'Яков', 'Лекарев', 'Антонович', 'acetomorphine@gmail.com', 813708489, 'resources/upload/avatars/57.jpg', 3),
('Ryann', '$2a$10$IJAj45wOgHYF3jWFVrn.l.sMXehOsOl.PnzzxbeB4eIxw7XRRA3Mq', 'Максим', 'Чмутов', 'Саныч', 'Ryann@gmail.com', 862771576, 'resources/upload/avatars/51.jpg', 3),
('corallidae', '$2a$10$u/cfh9zVcCEJ9oTZgGlKHePFWPK1JLSpamfvBpATIJ6StQl7XdAqO', 'Эгина', 'Геннадьева', 'Ильинична', 'corallidae@gmail.com', 555163006, 'resources/upload/avatars/98.jpg', 1),
('measlesproof', '$2a$10$o.YU5ThzveF4SL48OY.9wOoATj/FVjRJb4MTd7Owao3wgb46H0MX.', 'Ермолай', 'Вахрушин', 'Николаевич', 'measlesproof@gmail.com', 372393312, 'resources/upload/avatars/51.jpg', 1),
('gagroot', '$2a$10$wTiV14ePx0hP3Qpw4UDC9uWQZN3PlrGtWHd6B99u2RK4ZdJxdwZ.e', 'Оливия', 'Иоселева', 'Ивановна', 'gagroot@gmail.com', 711391042, 'resources/upload/avatars/104.jpg', 1),
('knark', '$2a$10$vui.qgMu//YHWuHhgXLd8eG5iJCdDBlOk4v5OVr6poZ3ohfsJWvxC', 'Филат', 'Варламов', 'Олегович', 'knark@gmail.com', 523882511, 'resources/upload/avatars/37.jpg', 0),
('misbuilds', '$2a$10$x6NVEYDi7xP.ltp3KoRcweGs1mE2BBQnUeDjpPXzfoopAsqRUxINO', 'Флорентина', 'Хацкелева', 'Иосифовна', 'misbuilds@gmail.com', 534620949, 'resources/upload/avatars/120.jpg', 3),
('heterochromatized', '$2a$10$A7BEJ65rHMo2rDsuvto55u48G0KJATUFLXNC7myMxrIa47ZQ/s.AS', 'Августа', 'Бикутганова', 'Станиславовна', 'heterochromatized@gmail.com', 913116253, 'resources/upload/avatars/64.jpg', 2),
('collectivise', '$2a$10$96eJVO4UMQrrEv/91QNGAOtltdPaN2172Vcf8TCTgYTWhuy7nReJu', 'Митрофан', 'Пашенин', 'Витальевич', 'collectivise@gmail.com', 450392140, 'resources/upload/avatars/29.jpg', 3),
('genomes', '$2a$10$Ao2Z4w90WvomErtM3H5VTO16268WXlo0ffGiZNQXIN.MoA56eX3YO', 'Виталий', 'Братанов', 'Олегович', 'genomes@gmail.com', 622004901, 'resources/upload/avatars/43.jpg', 0),
('bhungini', '$2a$10$fnFJ7FQQlVRULms5rlruKewFyhsZGcb.0ULDdnBNbXOBij.Zo9U4e', 'Мария', 'Франка', 'Федоровна', 'bhungini@gmail.com', 972344232, 'resources/upload/avatars/75.jpg', 1),
('maiongkong', '$2a$10$zR2fnE39wPi6nJEOaF3ezuparPt7xSaN5IYDKpOEj3NQMIsYonNDi', 'Мартирий', 'Безденежный', 'Викторович', 'maiongkong@gmail.com', 296660711, 'resources/upload/avatars/22.jpg', 0),
('niggerfish', '$2a$10$OiRjyaXzZA82A/7cMd1lk.NoijhaYW9jlg2LqRqZBAHEIJtMoG7le', 'Егорий', 'Солощенко', 'Григорьевич', 'niggerfish@gmail.com', 204230516, 'resources/upload/avatars/4.jpg', 2),
('myxobacteriaceous', '$2a$10$rmR1091yPy9kCl7qGAlUK.0UEBwe0ILnUpp14Qy./3w3/sSt5UENa', 'Полина', 'Остроглазова', 'Игоревна', 'myxobacteriaceous@gmail.com', 690742718, 'resources/upload/avatars/106.jpg', 1),
('bromoform', '$2a$10$X7DSAEsqvXMSxXpHQQ1.g.3tCx/4xtx1ULfQhnLkr7QomrptFIexy', 'Диодора', 'Арасланова', 'Эдуардовна', 'bromoform@gmail.com', 644190164, 'resources/upload/avatars/83.jpg', 1),
('inwalling', '$2a$10$2e8p7mwXBQuPhYFmgY3WI.Nbt9XUsdsIlAuWQL6KDLIIsJ/8vjVQ6', 'Зиновий', 'Трыков', 'Валентинович', 'inwalling@gmail.com', 904708742, 'resources/upload/avatars/42.jpg', 3),
('epineuriums', '$2a$10$WQvw.tko.e.mJ/3qbVFAWeFASF1qTqGoicn7v5mcDcFb4jVBNPou2', 'Радомира', 'Сушова', 'Владиславовна', 'epineuriums@gmail.com', 289490185, 'resources/upload/avatars/117.jpg', 3),
('meropodite', '$2a$10$3Ls84mhyqWWcNwvhAjPiKe4d0THR5bp9B7iEhA3KbfcSf19y3BScu', 'Сосипатра', 'Лилеева', 'Ивановна', 'meropodite@gmail.com', 213595810, 'resources/upload/avatars/89.jpg', 2),
('isoenergetic', '$2a$10$RPOJa3ftT5NM9I7TZcNp/OU4STNaPjLjd773VVzRSn2qeGhy7M6F6', 'Самуил', 'Борин', 'Викторович', 'isoenergetic@gmail.com', 827384745, 'resources/upload/avatars/54.jpg', 2),
('arborizing', '$2a$10$nSDbzutqJaVCUKMF7bU.gumjXB5mdLiPlNFd9WXVTHdzW7DBC/ICy', 'Епистимия', 'Марковскийа', 'Леонидовна', 'arborizing@gmail.com', 568964269, 'resources/upload/avatars/107.jpg', 3),
('alcamine', '$2a$10$k61msUKb8eT6o5ASq1vEAeTK4kq7YKJVb4LrM55lDEiksvDEbLBLC', 'Лилия', 'Рузскийа', 'Тарасовна', 'alcamine@gmail.com', 1376079, 'resources/upload/avatars/69.jpg', 3),
('leaderboard', '$2a$10$OUMMwggov/FlS8EzXQ9bme6bRlwuRW32TsqLAhgKf/USBvpCA.UCu', 'Эрнестина', 'Кавалерова', 'Григорьевна', 'leaderboard@gmail.com', 452910565, 'resources/upload/avatars/96.jpg', 0),
('log_s', '$2a$10$7yKtPb4/OVM0FScVwrX2m.GFzSAuqirmlL4gXWMwspb.IWAfsveZW', 'Георгий', 'Свиногузов', 'Матвеевич', 'log_s@gmail.com', 901565141, 'resources/upload/avatars/10.jpg', 2),
('ipomea', '$2a$10$K7oNtdwJqqwBLl.EyiBpNufIFhBV93/luz72D59fq2Ji66RA7BEMi', 'Игорь', 'Зацепин', 'Исаакович', 'ipomea@gmail.com', 632988426, 'resources/upload/avatars/28.jpg', 1),
('hallucinational', '$2a$10$DvtatGG/8r7MhkoUWI5B/.uMgA6Ssl3rxYANmgOulFVCwEA8c0agy', 'Арсения', 'Алякринскийа', 'Кирилловна', 'hallucinational@gmail.com', 316439671, 'resources/upload/avatars/112.jpg', 2),
('latigo', '$2a$10$/nmC.F4Y0Hrs8Fp0qVUA9.VudUzy4iId3K94Mbh7Jo1aeNU9JS0Wy', 'Капитон', 'Омелюшкин', 'Артемович', 'latigo@gmail.com', 167475277, 'resources/upload/avatars/39.jpg', 1),
('milers', '$2a$10$fR87z0HLefZ.fzI5KsAskuFNRPTerunnZOP1L7gs.HxhPDCO2TZ82', 'Виленина', 'Часовитина', 'Владиславовна', 'milers@gmail.com', 669272508, 'resources/upload/avatars/100.jpg', 3),
('boyishness', '$2a$10$aIHA11tnJloEtC0BPH8OwuM8KZOOjJZ42Hp1.kW35tiGut6of8dwe', 'Азелла', 'Ржондковскийа', 'Денисовна', 'boyishness@gmail.com', 71512073, 'resources/upload/avatars/79.jpg', 1),
('lysigenous', '$2a$10$Nlm2AICqo1F/jcinM6urx.yep7RvVf0JGSKhvqrinULbGSjwBZJcW', 'Офелия', 'Кобизева', 'Викторовна', 'lysigenous@gmail.com', 136478204, 'resources/upload/avatars/66.jpg', 2),
('horrifies', '$2a$10$FgMKMdWtnp6HwFUDZ3ii4.XySK3EM/ke6U9Rdl4qJZuB6Hz0WhI8S', 'Епистима', 'Магнитскийа', 'Максимовна', 'horrifies@gmail.com', 750559281, 'resources/upload/avatars/106.jpg', 1),
('bernardino', '$2a$10$AkgZqGNTNfclv3TaKvwGDeWyVI7haag.ILbJ6abLrTNgzDGyIKSKO', 'Ареф', 'Кирюхин', 'Сергеевич', 'bernardino@gmail.com', 127587370, 'resources/upload/avatars/9.jpg', 2),
('nondormant', '$2a$10$8YvRF0dL/DsphCh3Z.z2g.3QWGE5ppraKSQhrkr.teUBbtf6Avr9y', 'Григорий', 'Сморыго', 'Матвеевич', 'nondormant@gmail.com', 272841234, 'resources/upload/avatars/45.jpg', 0),
('alienages', '$2a$10$3EWIb8NVkWBPEYDWnCV7QuIo4dFsyXUVrs29ppN61a2WFjAzupoxS', 'Евгений', 'Филипьев', 'Олегович', 'alienages@gmail.com', 850376000, 'resources/upload/avatars/31.jpg', 2),
('hemadynamometer', '$2a$10$kDKGOgA82ScHlpLGVnM32e7Ovfbi9rdiY4.8QenO3Ts5Sze.McZAC', 'Ефремий', 'Ксенин', 'Максимович', 'hemadynamometer@gmail.com', 683613877, 'resources/upload/avatars/27.jpg', 0),
('membranaceous', '$2a$10$hmOT0HY7x8wnJ6EexkKX4uA4d/oNzdG7v1dhz.LyUJXYcTeEbEIea', 'Ермий', 'Аргамаков', 'Ярославович', 'membranaceous@gmail.com', 47590925, 'resources/upload/avatars/6.jpg', 0),
('gonadectomy', '$2a$10$/1gKuqdoMt2vS0J.si5hCu66.iUAO0H.Zu4zVD0v8Sz0rObfjuT2W', 'Лебния', 'Бакшеева', 'Тарасовна', 'gonadectomy@gmail.com', 625530689, 'resources/upload/avatars/99.jpg', 1),
('intensation', '$2a$10$5KyW4oNbiNvG5jvY/8hHFeDI4grvwnINiC4ky8glOeQ0okijhOPlm', 'Феодула', 'Лузана', 'Григорьевна', 'intensation@gmail.com', 75611384, 'resources/upload/avatars/107.jpg', 0),
('inedibility', '$2a$10$qS9RWwwRNt3Io1GyBuPUj.2BP57UWYMleIQkyZT3PyfvSO9x41Jom', 'Федот', 'Огарь', 'Денисович', 'inedibility@gmail.com', 286565671, 'resources/upload/avatars/16.jpg', 1),
('creche', '$2a$10$FJ5BvrIbLZFyPM/1uZ/c9uYAEZA.z2/pdwdDA6Xb4hKo12cJdeyRe', 'Иоанна', 'Поромова', 'Филипповна', 'creche@gmail.com', 860716704, 'resources/upload/avatars/109.jpg', 0),
('chemisettes', '$2a$10$Lmsy5OA206hotxgHqetpUuW/Ixq7IeMhbwYbnKVAX6pgblE7dzidS', 'Полиект', 'Флегентов', 'Семенович', 'chemisettes@gmail.com', 171027760, 'resources/upload/avatars/11.jpg', 2),
('bock', '$2a$10$m.up0OWXKAmw5TMmbaHDgO.xHGmAEULePScahMsrkLIYK9SlJkh7G', 'Фекуса', 'Вохминцева', 'Ярославовна', 'bock@gmail.com', 381108821, 'resources/upload/avatars/99.jpg', 2),
('disjuncts', '$2a$10$l7/reucKiZCer9/6HOYBzergucKKvbXhQVPoGcWOij5BLIsnw6UOO', 'Голиндуха', 'Ловчинова', 'Семеновна', 'disjuncts@gmail.com', 366665271, 'resources/upload/avatars/111.jpg', 2),
('bowknots', '$2a$10$NY7RVNJEU/a2D5pPWsQvTODLuJMi3yXaZ75WQdLeziEo.xSVVU052', 'Эдуард', 'Малакин', 'Григорьевич', 'bowknots@gmail.com', 920316881, 'resources/upload/avatars/38.jpg', 3),
('maternally', '$2a$10$SJpWFwVPkfXuYjzMnuos/.7MO.S4m0TzasNGmgvntiJT8SPT5AAx2', 'Селифан', 'Бронский', 'Михайлович', 'maternally@gmail.com', 541965330, 'resources/upload/avatars/23.jpg', 0),
('hydrocephalus', '$2a$10$CJmSHqDlJH6UYSqBnkpCEu1ugRrr7w4TQNQYStuasLahJsbPi/xkK', 'Виринея', 'Парийскийа', 'Анатольевна', 'hydrocephalus@gmail.com', 501322601, 'resources/upload/avatars/94.jpg', 1),
('gweducs', '$2a$10$VwsX/BOSMPW5GCGDK7MwZORCHSVvQr1tkCbGQ9kmIxpwF2IQW/Hh6', 'Давыд', 'Дьяконов', 'Яковлевич', 'gweducs@gmail.com', 691046998, 'resources/upload/avatars/51.jpg', 2),
('cartulary', '$2a$10$XF9GXBIqE3DNw13LQ6iPb.P7bhaSnajaoYWCKkfIZx2cR7XEUs.dO', 'Вилен', 'Саввушкин', 'Игнатьевич', 'cartulary@gmail.com', 440652838, 'resources/upload/avatars/21.jpg', 0),
('endangerments', '$2a$10$WLpr7R2.7CqJoNq.l3LVoeU3LwWWWBiT/rH.5XUNYRRNyYGGOgL2K', 'Екатерина', 'Корчмарева', 'Ярославовна', 'endangerments@gmail.com', 703536601, 'resources/upload/avatars/103.jpg', 3),
('cantonment', '$2a$10$QqzmfDJJ9iSRTctJxU/i4unvxxYACyFapKts5MsqgYO6y3p91UNV6', 'Надежда', 'Серыйа', 'Борисовна', 'cantonment@gmail.com', 543313605, 'resources/upload/avatars/116.jpg', 0),
('Gleda', '$2a$10$awc2oTrmKbNMsFbcum3Zsu0SMilUuGwJHdykACdr71IeJTFKWSe7W', 'Фёдор', 'Кашинцев', 'Иваныч', 'Gleda@gmail.com', 202441372, 'resources/upload/avatars/54.jpg', 3),
('endostosis', '$2a$10$xGdjtGtmNh59OM.DbbQF/.7bZwKscCrH2ERdHAew7iC19BYi2URK.', 'Вива', 'Свиридонова', 'Анатольевна', 'endostosis@gmail.com', 862529454, 'resources/upload/avatars/107.jpg', 1),
('hickie', '$2a$10$Oh9Vg9K22yvx3JzgJVf00.vkpvUvNCWkPFxMBYkPSxzDbtcx9uW3q', 'Евстигней', 'Маныкин', 'Иосифович', 'hickie@gmail.com', 521205047, 'resources/upload/avatars/38.jpg', 3),
('niddle', '$2a$10$HHZZrtabypRsjzKYF6LMVOZej2z6fsk5tObc0MTorQIHIF7zYd3cm', 'Изабелла', 'Литвинчука', 'Вячеславовна', 'niddle@gmail.com', 412283126, 'resources/upload/avatars/108.jpg', 0),
('motels', '$2a$10$sNqtAEbK3cUb/Krwnir5iO2jZN3OQdzWKb4sMPVifYUoAF2AEEpd2', 'Максима', 'Черепнина', 'Васильевна', 'motels@gmail.com', 741205436, 'resources/upload/avatars/71.jpg', 2),
('diose', '$2a$10$9aVEW40elmEwAJucSAoBD.MxTaotkF8vvk2V9SjlSsfwXWPgzN1pC', 'Ева', 'Пальгина', 'Васильевна', 'diose@gmail.com', 261900497, 'resources/upload/avatars/101.jpg', 2),
('mugging', '$2a$10$AHVo2tKPuA3gVJG73/pjSu3gjww11G1pFs43Zfx4CoSz78K2dKa8O', 'Северьян', 'Комолов', 'Георгиевич', 'mugging@gmail.com', 921203143, 'resources/upload/avatars/37.jpg', 1),
('intenerations', '$2a$10$CIvz2h22X0bjT.K0lVbUdOo5wvawir5RR1q.hd0c8DnxfwhpHFkNW', 'Изосим', 'Самославов', 'Артемович', 'intenerations@gmail.com', 103854795, 'resources/upload/avatars/23.jpg', 3),
('erethisia', '$2a$10$4Nvzt3L2Lv9Z50Mx.RMgHO1LUywqC8aNCHSpKlxhTqz4llEjjfXFG', 'Изяслав', 'Курильчиков', 'Григорьевич', 'erethisia@gmail.com', 21690261, 'resources/upload/avatars/56.jpg', 0),
('bedside', '$2a$10$Rs7ZxLGDhxnVZ/P7APospuWyI6mDXQk5gt7zbBE8sB7WfQvyzdWGK', 'Хиония', 'Добрецова', 'Кирилловна', 'bedside@gmail.com', 846836092, 'resources/upload/avatars/111.jpg', 2),
('mesopause', '$2a$10$O5nxxHuvkLZ1giR2yGY42.e2cqOywuhUcaRmYdC2OsXNIO/FdaPEy', 'Ария', 'Сенькова', 'Леонидовна', 'mesopause@gmail.com', 581636125, 'resources/upload/avatars/118.jpg', 3),
('disloyal', '$2a$10$OmqqbTgXYNr0.YTisnFMPO66Mgz6rJdxfxQURMkvhLP8Cfig1noSS', 'Моисей', 'Ефремовцев', 'Романович', 'disloyal@gmail.com', 364480750, 'resources/upload/avatars/52.jpg', 1),
('mercurification', '$2a$10$cPU1UPGFgFPNkz2ntPy.lOiAdKgPfsqS5lkdlKjIJKBuUNPTBTdKS', 'Харлам', 'Сергеичев', 'Константинович', 'mercurification@gmail.com', 661790446, 'resources/upload/avatars/24.jpg', 0),
('Rodi', '$2a$10$v5mMvLxk9jsqEOTvNxwPkeZDja3v1ZjvP35YTdEF70g6mf.BvZ8Am', 'Кирилла', 'Чалыха', 'Васильевна', 'Rodi@gmail.com', 409610704, 'resources/upload/avatars/73.jpg', 3);

-- Fill table employees
INSERT INTO employees (employee_id, experience, im, fb, vk, work_week)
VALUES
(4, '1970-01-01', 'https://www.instagram.com/4', 'https://www.facebook.com/4', 'https://vk.com/4', '0111100'),
(8, '1970-01-01', 'https://www.instagram.com/8', 'https://www.facebook.com/8', 'https://vk.com/8', '0101011'),
(11, '1970-01-01', 'https://www.instagram.com/11', 'https://www.facebook.com/11', 'https://vk.com/11', '1110000'),
(14, '1970-01-01', 'https://www.instagram.com/14', 'https://www.facebook.com/14', 'https://vk.com/14', '0000101'),
(25, '1970-01-01', 'https://www.instagram.com/25', 'https://www.facebook.com/25', 'https://vk.com/25', '0011100'),
(28, '1970-01-01', 'https://www.instagram.com/28', 'https://www.facebook.com/28', 'https://vk.com/28', '1110001'),
(30, '1970-01-01', 'https://www.instagram.com/30', 'https://www.facebook.com/30', 'https://vk.com/30', '0101000'),
(31, '1970-01-01', 'https://www.instagram.com/31', 'https://www.facebook.com/31', 'https://vk.com/31', '1101011'),
(33, '1970-01-01', 'https://www.instagram.com/33', 'https://www.facebook.com/33', 'https://vk.com/33', '0101001'),
(36, '1970-01-01', 'https://www.instagram.com/36', 'https://www.facebook.com/36', 'https://vk.com/36', '1110001'),
(38, '1970-01-01', 'https://www.instagram.com/38', 'https://www.facebook.com/38', 'https://vk.com/38', '0111010'),
(46, '1970-01-01', 'https://www.instagram.com/46', 'https://www.facebook.com/46', 'https://vk.com/46', '0001010'),
(51, '1970-01-01', 'https://www.instagram.com/51', 'https://www.facebook.com/51', 'https://vk.com/51', '0110000'),
(56, '1970-01-01', 'https://www.instagram.com/56', 'https://www.facebook.com/56', 'https://vk.com/56', '1011011'),
(57, '1970-01-01', 'https://www.instagram.com/57', 'https://www.facebook.com/57', 'https://vk.com/57', '1110001'),
(61, '1970-01-01', 'https://www.instagram.com/61', 'https://www.facebook.com/61', 'https://vk.com/61', '1001111'),
(63, '1970-01-01', 'https://www.instagram.com/63', 'https://www.facebook.com/63', 'https://vk.com/63', '1100110'),
(67, '1970-01-01', 'https://www.instagram.com/67', 'https://www.facebook.com/67', 'https://vk.com/67', '0001101'),
(69, '1970-01-01', 'https://www.instagram.com/69', 'https://www.facebook.com/69', 'https://vk.com/69', '1111101'),
(71, '1970-01-01', 'https://www.instagram.com/71', 'https://www.facebook.com/71', 'https://vk.com/71', '0100100'),
(78, '1970-01-01', 'https://www.instagram.com/78', 'https://www.facebook.com/78', 'https://vk.com/78', '1011100'),
(79, '1970-01-01', 'https://www.instagram.com/79', 'https://www.facebook.com/79', 'https://vk.com/79', '0110001'),
(80, '1970-01-01', 'https://www.instagram.com/80', 'https://www.facebook.com/80', 'https://vk.com/80', '0110011'),
(84, '1970-01-01', 'https://www.instagram.com/84', 'https://www.facebook.com/84', 'https://vk.com/84', '0100110'),
(92, '1970-01-01', 'https://www.instagram.com/92', 'https://www.facebook.com/92', 'https://vk.com/92', '0000000'),
(93, '1970-01-01', 'https://www.instagram.com/93', 'https://www.facebook.com/93', 'https://vk.com/93', '1101111'),
(97, '1970-01-01', 'https://www.instagram.com/97', 'https://www.facebook.com/97', 'https://vk.com/97', '1100000');

-- Fill table offers
INSERT INTO offers (name, description, image_path, price, period, is_main, is_show)
VALUES
('Традиционная<br/> стрижка', 'Эта классическая традиционная услуга идеально подходит,<br/>если вы хотите, чтобы ваши волосы были подстрижены правильно.<br/>Наши парикмахеры будут рады помочь вам с этим.<br/>Мытьё волос. Стрижка машинкой. Укладка волос.', 'resources/upload/admin/service/traditional-haircut.png', 25, 25, true, true),
('Бритьё<br/> бороды', 'Бритьё бороды - одна из наших самых популярных услуг.<br/>Это необходимость для всех мужчин,<br/>которые хотят иметь бороду, которая выглядит потрясающе.<br/>Распаривание кожного покрова лица. Бритьё шаветкой.', 'resources/upload/admin/service/beard-shave.png', 40, 60, true, true),
('Подравнивание<br/> усов', 'Усы - это классический выбор мужчин,<br/>и они никогда не выйдут из моды надолго.<br/>С нами вы можете сохранить свои усы ухоженными.<br/>Подравнивание усов. Укладка.', 'resources/upload/admin/service/mustache-trim.png', 30, 45, true, true),
('Подравнивание<br/> бороды', 'Все хорошо знаю, что борода придаёт брутальности лицу.<br/>Чтобы ваша борода смотрелась аккуратно,<br/>за ней нужен уход, именно поэтому мы предлагаем данную услугу.<br/>Придание формы бороде шаветкой. Укладка бороды.', 'resources/upload/admin/service/beard-trim.png', 25, 30, true, true),
('Рисунок на волосах', 'Стрижка волос согласно трафарету.', 'resources/upload/admin/service/hair-draw.png', 55, 90, false, true),
('Афрокосички', 'Мытьё волос. Заплетание косичек.', 'resources/upload/admin/service/afro-braids.png', 150, 90, false, true),
('Покраска бороды', 'Мытьё, окрашивание волос бороды.', 'resources/upload/admin/service/beard-paint.png', 45, 75, false, true),
('Пробор/Окантовка', 'Придание формы причёске.', 'resources/upload/admin/service/part-edge.png', 10, 20, false, true),
('Укладка', 'Укладка волос.', 'resources/upload/admin/service/styling.png', 10, 15, false, true),
('Тонирование бороды', 'Мытье, окрашивание, укладка бороды.', 'resources/upload/admin/service/beard-tint.png', 35, 40, false, true),
('Королевское бритьё', 'Распаривание кожного покрова лица. Бритьё шаветкой.', 'path/to/preview.jpg', 40, 60, false, false),
('Моделирование бороды', 'Придание формы бороде шаветкой. Укладка бороды.', 'path/to/preview.jpg', 25, 30, false, false),
('Стрижка бороды и усов', 'Мытьё, стрижка бороды и усов.', 'path/to/preview.jpg', 25, 45, false, false),
('Детская стрижка', 'Мытьё волос. Стрижка машинков/ножниками. Укладка волос.', 'path/to/preview.jpg', 30, 50, false, false),
('Стрижка машинкой', 'Мытьё волос.Стрижка машинкой. Укладка волос.', 'path/to/preview.jpg', 25, 25, false, false),
('Мужская стрижка', 'Мытьё волос. Стрижка машинков/ножниками. Укладка волос.', 'path/to/preview.jpg', 40, 60, false, false),
('Камуфляж седины', 'Мытьё, окрашивание волос.', 'path/to/preview.jpg', 45, 75, false, false),
('Окрашивание', 'Мытьй, окрашивание волос.', 'path/to/preview.jpg', 60, 60, false, false),
('Очищающая маска для лица', 'Распаривание кожи лица, наложение очищающей маски.', 'path/to/preview.jpg', 30, 45, false, false),
('Удаление волос воском (одна зона)', 'Распаривание кожи выбранной зоны, удаление волос воском.', 'path/to/preview.jpg', 15, 15, false, false),
('Массаж головы', 'Массаж головы.', 'path/to/preview.jpg', 10, 15, false, false);

-- Fill table reservations
INSERT INTO reservations (offer_id, customer_id, employee_id, date)
VALUES
(5, 15, 56, '2020-03-13 13:23'),
(3, 47, 80, '2020-03-13 13:23'),
(11, 18, 25, '2020-03-13 13:23'),
(3, 18, 46, '2020-03-13 13:23'),
(10, 81, 8, '2020-03-13 13:23'),
(9, 5, 79, '2020-03-13 13:23'),
(8, 59, 31, '2020-03-13 13:23'),
(4, 59, 67, '2020-03-13 13:23'),
(16, 55, 84, '2020-03-13 13:23'),
(4, 81, 51, '2020-03-13 13:23'),
(15, 81, 93, '2020-03-13 13:23'),
(6, 6, 30, '2020-03-13 13:23'),
(1, 15, 56, '2020-03-13 13:23'),
(13, 6, 38, '2020-03-13 13:23'),
(6, 88, 8, '2020-03-13 13:23'),
(14, 54, 51, '2020-03-13 13:23'),
(5, 65, 78, '2020-03-13 13:23'),
(13, 81, 61, '2020-03-13 13:23'),
(4, 5, 56, '2020-03-13 13:23'),
(1, 47, 57, '2020-03-13 13:23'),
(14, 6, 25, '2020-03-13 13:23'),
(10, 39, 8, '2020-03-13 13:23'),
(3, 98, 36, '2020-03-13 13:23'),
(5, 40, 8, '2020-03-13 13:23'),
(14, 6, 78, '2020-03-13 13:23'),
(6, 39, 79, '2020-03-13 13:23'),
(6, 86, 56, '2020-03-13 13:23'),
(16, 101, 25, '2020-03-13 13:23'),
(5, 47, 30, '2020-03-13 13:23'),
(10, 95, 31, '2020-03-13 13:23'),
(3, 58, 93, '2020-03-13 13:23'),
(6, 90, 78, '2020-03-13 13:23'),
(2, 54, 71, '2020-03-13 13:23'),
(13, 65, 36, '2020-03-13 13:23'),
(17, 18, 80, '2020-03-13 13:23'),
(3, 54, 38, '2020-03-13 13:23'),
(11, 88, 8, '2020-03-13 13:23'),
(6, 95, 51, '2020-03-13 13:23'),
(1, 47, 4, '2020-03-13 13:23'),
(16, 98, 25, '2020-03-13 13:23'),
(17, 86, 28, '2020-03-13 13:23'),
(6, 47, 56, '2020-03-13 13:23'),
(11, 5, 38, '2020-03-13 13:23'),
(5, 88, 33, '2020-03-13 13:23'),
(12, 18, 80, '2020-03-13 13:23'),
(8, 98, 80, '2020-03-13 13:23'),
(14, 54, 93, '2020-03-13 13:23'),
(3, 86, 57, '2020-03-13 13:23'),
(12, 86, 46, '2020-03-13 13:23'),
(4, 47, 69, '2020-03-13 13:23'),
(10, 39, 25, '2020-03-13 13:23'),
(16, 45, 84, '2020-03-13 13:23'),
(16, 5, 71, '2020-03-13 13:23'),
(8, 59, 67, '2020-03-13 13:23'),
(14, 81, 8, '2020-03-13 13:23'),
(3, 90, 14, '2020-03-13 13:23'),
(7, 5, 25, '2020-03-13 13:23'),
(4, 5, 38, '2020-03-13 13:23'),
(14, 39, 57, '2020-03-13 13:23'),
(12, 45, 46, '2020-03-13 13:23'),
(15, 47, 8, '2020-03-13 13:23'),
(11, 81, 25, '2020-03-13 13:23'),
(2, 39, 4, '2020-03-13 13:23'),
(13, 6, 78, '2020-03-13 13:23'),
(11, 58, 14, '2020-03-13 13:23'),
(12, 18, 97, '2020-03-13 13:23'),
(4, 86, 93, '2020-03-13 13:23'),
(15, 45, 28, '2020-03-13 13:23'),
(11, 40, 79, '2020-03-13 13:23'),
(17, 40, 56, '2020-03-13 13:23'),
(1, 45, 36, '2020-03-13 13:23'),
(7, 86, 67, '2020-03-13 13:23'),
(8, 86, 69, '2020-03-13 13:23'),
(15, 6, 31, '2020-03-13 13:23'),
(6, 5, 67, '2020-03-13 13:23'),
(16, 95, 56, '2020-03-13 13:23'),
(5, 88, 38, '2020-03-13 13:23'),
(7, 65, 67, '2020-03-13 13:23'),
(16, 86, 36, '2020-03-13 13:23'),
(7, 101, 25, '2020-03-13 13:23'),
(4, 95, 31, '2020-03-13 13:23'),
(5, 81, 46, '2020-03-13 13:23'),
(1, 58, 33, '2020-03-13 13:23'),
(13, 88, 51, '2020-03-13 13:23'),
(3, 5, 28, '2020-03-13 13:23'),
(1, 5, 67, '2020-03-13 13:23'),
(10, 58, 25, '2020-03-13 13:23'),
(9, 95, 33, '2020-03-13 13:23'),
(6, 65, 93, '2020-03-13 13:23'),
(2, 55, 46, '2020-03-13 13:23'),
(9, 45, 93, '2020-03-13 13:23'),
(16, 39, 57, '2020-03-13 13:23'),
(8, 98, 38, '2020-03-13 13:23'),
(11, 45, 80, '2020-03-13 13:23'),
(6, 45, 57, '2020-03-13 13:23'),
(16, 6, 8, '2020-03-13 13:23'),
(3, 58, 11, '2020-03-13 13:23'),
(9, 81, 57, '2020-03-13 13:23'),
(6, 81, 80, '2020-03-13 13:23'),
(9, 6, 11, '2020-03-13 13:23'),
(8, 101, 33, '2020-03-13 13:23'),
(4, 39, 14, '2020-03-13 13:23'),
(14, 86, 93, '2020-03-13 13:23'),
(1, 81, 78, '2020-03-13 13:23'),
(10, 58, 25, '2020-03-13 13:23'),
(3, 58, 63, '2020-03-13 13:23'),
(16, 90, 93, '2020-03-13 13:23'),
(7, 54, 63, '2020-03-13 13:23'),
(8, 65, 56, '2020-03-13 13:23'),
(3, 6, 28, '2020-03-13 13:23'),
(3, 40, 36, '2020-03-13 13:23'),
(13, 95, 11, '2020-03-13 13:23'),
(17, 45, 46, '2020-03-13 13:23'),
(1, 40, 57, '2020-03-13 13:23'),
(13, 59, 31, '2020-03-13 13:23'),
(1, 15, 56, '2020-03-13 13:23'),
(9, 101, 79, '2020-03-13 13:23'),
(17, 65, 25, '2020-03-13 13:23'),
(12, 5, 33, '2020-03-13 13:23'),
(14, 39, 93, '2020-03-13 13:23'),
(13, 39, 56, '2020-03-13 13:23'),
(4, 18, 84, '2020-03-13 13:23'),
(4, 65, 67, '2020-03-13 13:23'),
(9, 59, 80, '2020-03-13 13:23'),
(15, 54, 69, '2020-03-13 13:23'),
(5, 86, 80, '2020-03-13 13:23'),
(9, 45, 71, '2020-03-13 13:23'),
(5, 15, 56, '2020-03-13 13:23'),
(5, 45, 46, '2020-03-13 13:23'),
(2, 59, 97, '2020-03-13 13:23'),
(17, 40, 33, '2020-03-13 13:23'),
(12, 65, 14, '2020-03-13 13:23'),
(12, 59, 71, '2020-03-13 13:23'),
(5, 5, 28, '2020-03-13 13:23'),
(3, 47, 25, '2020-03-13 13:23'),
(2, 47, 11, '2020-03-13 13:23'),
(9, 65, 46, '2020-03-13 13:23'),
(14, 6, 8, '2020-03-13 13:23'),
(16, 59, 51, '2020-03-13 13:23'),
(2, 54, 92, '2020-03-13 13:23'),
(2, 47, 28, '2020-03-13 13:23'),
(5, 98, 25, '2020-03-13 13:23'),
(13, 15, 56, '2020-03-13 13:23'),
(15, 90, 25, '2020-03-13 13:23'),
(8, 45, 8, '2020-03-13 13:23'),
(12, 40, 11, '2020-03-13 13:23'),
(3, 6, 78, '2020-03-13 13:23'),
(6, 81, 67, '2020-03-13 13:23'),
(17, 55, 51, '2020-03-13 13:23'),
(8, 90, 8, '2020-03-13 13:23'),
(3, 101, 33, '2020-03-13 13:23'),
(16, 40, 79, '2020-03-13 13:23'),
(3, 47, 92, '2020-03-13 13:23'),
(10, 86, 56, '2020-03-13 13:23'),
(16, 39, 63, '2020-03-13 13:23'),
(1, 45, 92, '2020-03-13 13:23'),
(15, 6, 92, '2020-03-13 13:23'),
(14, 98, 38, '2020-03-13 13:23'),
(3, 47, 78, '2020-03-13 13:23'),
(17, 6, 61, '2020-03-13 13:23'),
(11, 86, 46, '2020-03-13 13:23'),
(11, 86, 25, '2020-03-13 13:23'),
(12, 81, 63, '2020-03-13 13:23'),
(17, 40, 67, '2020-03-13 13:23'),
(11, 101, 93, '2020-03-13 13:23'),
(3, 40, 57, '2020-03-13 13:23'),
(8, 47, 11, '2020-03-13 13:23'),
(10, 101, 92, '2020-03-13 13:23'),
(1, 6, 79, '2020-03-13 13:23'),
(16, 95, 71, '2020-03-13 13:23'),
(15, 15, 79, '2020-03-13 13:23'),
(5, 86, 46, '2020-03-13 13:23'),
(10, 55, 28, '2020-03-13 13:23'),
(14, 54, 38, '2020-03-13 13:23'),
(10, 88, 25, '2020-03-13 13:23'),
(4, 86, 28, '2020-03-13 13:23'),
(11, 47, 33, '2020-03-13 13:23'),
(6, 88, 8, '2020-03-13 13:23'),
(5, 101, 14, '2020-03-13 13:23'),
(7, 15, 4, '2020-03-13 13:23'),
(4, 81, 63, '2020-03-13 13:23'),
(7, 45, 11, '2020-03-13 13:23'),
(12, 55, 46, '2020-03-13 13:23'),
(14, 45, 51, '2020-03-13 13:23'),
(4, 54, 36, '2020-03-13 13:23'),
(16, 101, 8, '2020-03-13 13:23'),
(1, 65, 4, '2020-03-13 13:23'),
(17, 95, 61, '2020-03-13 13:23'),
(1, 81, 25, '2020-03-13 13:23'),
(8, 88, 4, '2020-03-13 13:23'),
(6, 88, 97, '2020-03-13 13:23'),
(9, 90, 56, '2020-03-13 13:23'),
(16, 45, 61, '2020-03-13 13:23'),
(2, 59, 56, '2020-03-13 13:23'),
(8, 15, 8, '2020-03-13 13:23'),
(14, 18, 36, '2020-03-13 13:23'),
(16, 95, 28, '2020-03-13 13:23'),
(11, 88, 69, '2020-03-13 13:23'),
(14, 54, 46, '2020-03-13 13:23'),
(3, 58, 56, '2020-03-13 13:23');
