USE `barbershop_db`;
# Fill table `users`
INSERT INTO `users` (`login`, `password`, `name`, `surname`, `patronymic`, `email`, `phone`, `imagePath`, `role`)
VALUES
("anthracitism", "tnXH5Du9Y3fRpYeuDBGaK2drYFCUcGYufuxqv6r37fPFqyCjn2AuYgvhe8ZJnosQA6NlGHMaWaD+UnMeY2P85w==", "Исаак", "Ложников", "Валерьевич", "anthracitism@gmail.com", 316772704708, "/upload/avatars/23.jpg", 2),
("gony", "SqHVRuTdkIH5T+DPNH5lKuqCKR5TlpnBbZKu6mzbAJDSc7mVlcAHoX3pfnrO+Vdr1U34t6Gao1rqmACp60CjKQ==", "Кирик", "Бахарь", "Евгеньевич", "gony@gmail.com", 942878584118, "/upload/avatars/38.jpg", 2),
("chieftaincies", "wqRoiM/RRtuR3pFzOc9fTdgCKLfdzQsFsigAroI4gd7YFPDyqRIyGEUS44zgK+QXrThUipOKVf2vgQPr6eAJbw==", "Савватей", "Лесковский", "Ефимович", "chieftaincies@gmail.com", 99492133914, "/upload/avatars/21.jpg", 2),
("gold", "RTU0uxBkwgqZDpzOa82zHZO9u7rE6o7zDg0xPQtDXzaEXUsWX0fyxUemYwxr/v7DHw4ir33WglgII4fgG/PNEA==", "Агапа", "Акимычева", "Константиновна", "gold@gmail.com", 972462095897, "/upload/avatars/120.jpg", 2),
("narcissan", "/RDXyvLL58NvkBIF6mDajdGl+XK+DAdveK4SxhzwX4mUlDdk8VTf3kb4JxHuAT5oH/7sgYunmLxbZFinljwhOQ==", "Виктор", "Трухин", "Станиславович", "narcissan@gmail.com", 465580419183, "/upload/avatars/34.jpg", 3),
("lagena", "J21qqi4XdrgzOiFevXgs+ti9vUP3MwMweLTi57FAwTGHuKUhHRUQzH9oeaeSQVxoTPntVtb0xTW7ObCWvuC5Pw==", "Мефодий", "Сумкин", "Ильич", "lagena@gmail.com", 508932096224, "/upload/avatars/27.jpg", 3),
("handgravure", "0/FeAHz/WBn14TupkgTLtvAOaf3+hKAfSpvWyazT3hgJ1HSHV+AbQUsXsXgJD3rEAgjvJtmxyvtiy5RdHJ9+hA==", "Андроник", "Рожнецов", "Андреевич", "handgravure@gmail.com", 768735210906, "/upload/avatars/59.jpg", 3),
("nondieting", "Dy3YOi63QNwdj7/nPnrccLIE+EEJiNswaVScwEo6oW2DLgv/7TY5d9OGlFA4nLgLVHP2p1M7fGtB3I8JY8NWRQ==", "Гаврил", "Спирев", "Васильевич", "nondieting@gmail.com", 604255470485, "/upload/avatars/29.jpg", 3),
("involucellated", "Suf1RHGfNdZrQY3BNuTDjlUuLQRwi17V9IeXrK1wOvAjKdjFoFKpcyQsx0MQA6COyJvzbqvlrQS8gfX9o/IpdA==", "Таисия", "Химушкина", "Константиновна", "involucellated@gmail.com", 207160878753, "/upload/avatars/77.jpg", 2),
("dandiacally", "qbCG47F0ppv2jQPYO6glFWpt783rnicheaVhJKbwVs+JJNL1knCFEtsDklYBXBjOICOXeMk52Ar0kWTjOlZYWw==", "Марин", "Прудков", "Иваныч", "dandiacally@gmail.com", 937396815937, "/upload/avatars/17.jpg", 2),
("countertally", "I3KgokgEt5+KRj8M5AbzinCgzmj/FWZqRJgL83it0go0xbHI55O7ok08wGRNCnTbGrlrF3TrD0NKOV+T53jxGQ==", "Сира", "Овденкоа", "Анатольевна", "countertally@gmail.com", 106355719683, "/upload/avatars/81.jpg", 2),
("barsac", "AzeexUetQj4xUvIlKIOwGaMttDPpJr7mjIKj7sjlenZk2lZPY/lzxUwF45+s4i92jpo3INUJwXnUJh93qX1elA==", "Лилия", "Семченкоа", "Петровна", "barsac@gmail.com", 194286430763, "/upload/avatars/85.jpg", 3),
("isocline", "DG9LT4+4g4RswBgyBeVRTd6bosWfoLpOhqzDD8ZnF9kbJbBYqAmZ5333z9qENlrvykVGuN3+ynNwCIa42obEBQ==", "Вадим", "Карпецкий", "Ильич", "isocline@gmail.com", 389023804657, "/upload/avatars/4.jpg", 3),
("cornpones", "mO+oowIhrjh0rblm/pmjXP3ZfyeZOmBT/RkYcYsojNpTskH51B4nXqDJlpbdz6IueA3ZV/sCBp4cNPb0ldsKKw==", "Евмения", "Павлыгина", "Богдановна", "cornpones@gmail.com", 753028169465, "/upload/avatars/71.jpg", 2),
("goosemouth", "ISkU/G8cU52GFbjICTqGeW5/lhmiY7E69PrHfN4q29+Nc2+lLkStgEsrtVa9l6YHNA7BhzCwken9ezNepT3c/Q==", "Сира", "Боткина", "Эдуардовна", "goosemouth@gmail.com", 478819320267, "/upload/avatars/96.jpg", 2),
("kuge", "esI0OCu2hR5ltG4jKnkLCIksWF+rlJ3VaVKlQGaVuTy7rAUw4FHcoLkxSNJpMHnM/fCbFgDGx9kE61+MXHcwjQ==", "Меркурий", "Лорин", "Платонович", "kuge@gmail.com", 36693928107, "/upload/avatars/25.jpg", 3),
("locular", "Lh0s1RxCD5l4hf7AYPbtjDKrDoJS75NnyF3jalrIVWWLo0IvXK+lwHePNqjug4VFLDM8jZ193PXmbi14nIj7DQ==", "Тигрия", "Епифаньева", "Олеговна", "locular@gmail.com", 134862413474, "/upload/avatars/106.jpg", 3),
("antiextreme", "j2Tr8zlnszRm5OlTUaBAVw6n6hUl91NOyY2udZ3yOXYYdnyNZNZe3p3Xz6eIjHEpwDHNARXSaKV+YuCnJlXP6Q==", "Исаакин", "Бобрович", "Вольфович", "antiextreme@gmail.com", 162281028886, "/upload/avatars/50.jpg", 3),
("epicurize", "eAj8SPKiVQOtBFV7HS9+tpOv2ZIFN01XyI1WnjHZoCm/ytVO9BUR08fQN4N0NNAitogJA89e1G01GAZECUHapA==", "Аргентея", "Варлакова", "Константиновна", "epicurize@gmail.com", 674464973874, "/upload/avatars/107.jpg", 2),
("modelling", "LgP87G4VjRC5VgEQifBU3b/vvUNC9QJyOJYurcfPXmMH5bhAQPnz5BUEbshiqLBcUq0yyv819KnX1eA8iZyQaQ==", "Олимпиодора", "Сташевича", "Тарасовна", "modelling@gmail.com", 390431649420, "/upload/avatars/120.jpg", 2),
("eleusine", "NsxY9KRspbQtkD58EmhZh9xE1pGP0AFc/JVqLSjMKAI0/pXhmC8iNiQm/85TQMt3C3nmTUy9dRNxty4T1bzC5w==", "Бенедикт", "Первозванский", "Николаевич", "eleusine@gmail.com", 39657830143, "/upload/avatars/35.jpg", 2),
("archivolt", "P4SP8sNsw0A78EoSsVXix4Lv94dL2VkUoujKoEdiG/tAT845UlbUryUXaZQwn28zNBFcoDJN3zjuaPTT6yvNpg==", "Хрисанф", "Онохин", "Ильич", "archivolt@gmail.com", 489330538045, "/upload/avatars/50.jpg", 2),
("inninmorite", "L+u+XgVN8PfFG33msTu/R3pMD4ygqLQHifa7U8r0kTAzpOn0n+Wr8/bLZOFIwmLR0WHoCx6KdpDmD2ptEng8Cw==", "Гаврила", "Пошехонов", "Иванович", "inninmorite@gmail.com", 781250516394, "/upload/avatars/32.jpg", 2),
("fidfad", "QljJxb4sQteNkXvPO5DuvWdNVO2opTW1yNu42nwJrxdZINeWhRJlN2TjqY/8vDNdKXAEnLFJC+X/8FJo64gVHg==", "Германа", "Самоукова", "Филипповна", "fidfad@gmail.com", 190175216540, "/upload/avatars/85.jpg", 2),
("gristles", "NStHr2pgUr6teXSDM/E6gZ0dalbz3dOG9N3vpaTln+lkNfMQtvcRAkFJDZiFnYpuCCl4/BJpb/mPffRCHHHa4Q==", "Альфия", "Малинкина", "Эдуардовна", "gristles@gmail.com", 643069034423, "/upload/avatars/89.jpg", 2),
("bodilessness", "5lRqgVnOxNwha98KaoJzWlQz37Yifb5EX1jMDIyr+c6Y+krdIlBph29W6EvB+Er2sWJ9KEsc8tdKxa7EkMD3FQ==", "Далила", "Чеборахина", "Александровна", "bodilessness@gmail.com", 319067977466, "/upload/avatars/66.jpg", 2),
("glady", "iWZbSNEgQkWUhIl2eDqcJCqM+Y3y1Zd/60OZH2PrnCa1rnrwz8EzsAb0X8FYTqe48uInhigohHFSNxX/BrH4sA==", "Панфил", "Полувалов", "Степанович", "glady@gmail.com", 696841987706, "/upload/avatars/29.jpg", 3),
("anelastic", "xQ/FGK4hNbzcr35qi9eNDoxTpPUy+ah3dIJ3fXUqn3aMGvkpBH7krcJFSRGfm2UbLsRXwp/UAofLQsAFBzKGRg==", "Пахом", "Башкирцев", "Феликсович", "anelastic@gmail.com", 122876506434, "/upload/avatars/36.jpg", 3),
("collectedly", "FtW+mKXvQFPB1GZ57sUvnY+tvOsrKW/EuUdcMSUVTa79pXKd8qlLA7ZgTaHiiCgLTi6dGhR8wJyPSE29kPgQbQ==", "Дионисий", "Туманик", "Палыч", "collectedly@gmail.com", 739843583466, "/upload/avatars/60.jpg", 3),
("emerged", "kQAqIo++GngCbrqwb7/367yTQrKnzBoakOgfD/x9KEuuUkN0mLx7eDK+9Cuyy0K9OjSQMtjZAbKvJNAHQ6lofA==", "Захар", "Ворончихин", "Михайлович", "emerged@gmail.com", 426239748845, "/upload/avatars/17.jpg", 2),
("boutonnieres", "AKqB0GvxdrM8gmSnszZLBK8yyUsrYfb4/rebMSEzzjUzFbUPzhlAFk4VW5G9xPD2YvlkBcZeWJJLtWRF1OYE4A==", "Тереза", "Кузьмицкийа", "Яковлевна", "boutonnieres@gmail.com", 719885975446, "/upload/avatars/102.jpg", 2),
("cyanoguanidine", "B9u7lQVfYY+V+m+VF3KSPuzrwNZvTKyi8MGmAA8NeJbbhAvQ8SLXboBk0oVFp20Z8fO02t13F94I9H2LTqtBTQ==", "Антипа", "Косованов", "Валерьевич", "cyanoguanidine@gmail.com", 464780319233, "/upload/avatars/11.jpg", 2),
("cysterethism", "aSfs6tiZd9DxPAtOjdwRMcBey+rjC8HxEyYR5zCcYCe4daYiPYF3G0pCwSiUavwph8g4Rq1Nhz9+qYNrPBsmYw==", "Мелитика", "Выжлецова", "Александровна", "cysterethism@gmail.com", 882348070866, "/upload/avatars/66.jpg", 2),
("ebonist", "GdvPJs35F/2R5pDzY/TlrfUPTSayPW1/CYL4l8bF9uaHkQlU8Ubqh1ltqBPeWxsZ+Gnr7X3aGA/zOzLax2tGTQ==", "Модеста", "Дудинцева", "Ярославовна", "ebonist@gmail.com", 771118531992, "/upload/avatars/87.jpg", 2),
("beryllonite", "89RMH6+Ln9Uez4ECC37Lye65r1URlm2bk/hgNJ9fPy8nxQ1hzVm6/Ov9sITsMZU+wbrBWOEOt/QhLZwNW0ut6Q==", "Флавий", "Куликов", "Богданович", "beryllonite@gmail.com", 687104314624, "/upload/avatars/56.jpg", 2),
("elderships", "Z9f/BMuV5kIz9fZpH/KvB4k+++6abIMK8nHb9KfOIbNPfKkBcRDC77zRx2DHVcOSdCg0sONKyCTtjKGIPlsYqw==", "Ипполита", "Барбашина", "Романовна", "elderships@gmail.com", 708086995394, "/upload/avatars/114.jpg", 2),
("arthrodiran", "wu+ADPYSGNWp1E2u1R8P3yf8v/qu+Qlq3+phteFbWAOJPwIW7lqgLW6+0DP1Li+IN8qeMqdqMWaFKaWQ2dX4PQ==", "Фетинья", "Раева", "Сергеевна", "arthrodiran@gmail.com", 416620350174, "/upload/avatars/74.jpg", 3),
("bibliopegically", "BGUltTZs4niEV3Iz57Eyt+ty0RMoHt9JlT5pw87PK3x7kzxgORNH8ncjwv4Nm97iDUXK6P6Hvv4oH7xSrGtKAg==", "Никанор", "Силиенко", "Северинович", "bibliopegically@gmail.com", 318220159004, "/upload/avatars/3.jpg", 3),
("anoli", "An6iBhJJiP+SQIZfEB1x+YYwodXk5qC6IKpoXExA52x4tJTYAgpRZ45GUn+MUDsmkeDBs9GTfYw/2Pfx2/Mbfg==", "Макарий", "Горданов", "Яковлевич", "anoli@gmail.com", 690632720294, "/upload/avatars/13.jpg", 2),
("cartoonishly", "e10sPntA2tqTTH0iqNmZYbljBaa7C68ent4n5qOpwyXUWSk2j8C6zIes/WzGqCWyD2iCppARk80MH9fA6FE0rQ==", "Урсула", "Олтуфьева", "Ефимовна", "cartoonishly@gmail.com", 51288823208, "/upload/avatars/107.jpg", 2),
("nobly", "1BsZ+P8bHFo0VkcTslFoUdCFJqz699ayDeZf1hI/y82v9U/wZJrKYn6gdfY5L7NwKRdT0DAKAp3QbrBSUo19Zg==", "Евфимия", "Милованова", "Филипповна", "nobly@gmail.com", 851123958880, "/upload/avatars/109.jpg", 3),
("Rosette", "rXuBEXjwWTYN4M353a/+BvGa81sUKQ0dgHY5NRZdqspZilcGlzCzZZuz/BSutYV+1iojvS9KooA5ynE6Xlal7A==", "Фекуса", "Литвинчука", "Григорьевна", "Rosette@gmail.com", 406967385877, "/upload/avatars/94.jpg", 3),
("fucking", "aZvWWev1BFE2EqbbX1jONSCgciPI3/2/zLLwzvjejSuOz5Tgf6NaHZtQ/HZy1h4b7Mg1Nb6ZiyiuzqIMzFbO2Q==", "Евтихий", "Акуленко", "Олегович", "fucking@gmail.com", 447873138861, "/upload/avatars/46.jpg", 3),
("agouti", "4Oi6GAxpVyy9zQP+9ZRdOnO2e7vSdCV70HaeKMUFeWt9jOkwXzUOWNP2bqZk/omC5tBkFPPnUJeqFtHtOd6Vjw==", "Варнава", "Акберов", "Станиславович", "agouti@gmail.com", 501280631395, "/upload/avatars/18.jpg", 3),
("jeames", "b0zyHqsBHl+KmAkd7T5QBDB9319HfMqMfrCUshnX2dApjNyyT+45VxDAgqF+7LHnaaeWVtAWXrmQquDkal60EA==", "Мартиниана", "Сологуба", "Львовна", "jeames@gmail.com", 650868827862, "/upload/avatars/103.jpg", 2),
("instil", "PhC+hMK/kAouCBhLftYZwu4nP0bWdHGTM9U/7nYJKX4kQ10Y2CwtLuU51PSGrgTAu7yfD0KDJvKD43gt+HVJFA==", "Вячеслав", "Григорьичев", "Константинович", "instil@gmail.com", 374574577658, "/upload/avatars/17.jpg", 2),
("besiegement", "JEjPGSivfwzNIci94zGf1BAoDpRoQ2N8/dZjsiKkA2lDhPIFsWThY7dkSM3807Vdz+qWADQ1CK0l21lsnBfSEg==", "Харлампий", "Майков", "Эдуардович", "besiegement@gmail.com", 929984600231, "/upload/avatars/52.jpg", 3),
("andropetalar", "zoMRfK/PZ9swcuH81TvgQn6GNNe7y1LzJsxWFI3VRYWgjRWm/E/P6BAb96uPA5Jeoz7Ld8LJByZDJENeJWIWLw==", "Стелла", "Степулина", "Кирилловна", "andropetalar@gmail.com", 634974734621, "/upload/avatars/83.jpg", 3),
("gangbanged", "LAHAff2YXw8FuYUk46IziZDKtS0pGBuTpT1+2grm/NhxXYX9uroM47MRjMrwstaWLQxbwaAN+4U29FYCSJKNnA==", "Гаврила", "Кутепов", "Ефимович", "gangbanged@gmail.com", 810957013159, "/upload/avatars/18.jpg", 3),
("innards", "CYCDF00gyrDykBqRqZ4jnZoRPmOdYZtb8ec3ZwkgOeTfBXzSsGQLccL+oMWYY0ZVemyp7xyyyaSCiWsORnP7uQ==", "Аполлос", "Камышов", "Эдуардович", "innards@gmail.com", 964560059315, "/upload/avatars/19.jpg", 2),
("crenation", "+dA6AH+p3xvhYjIfECtsh53P96uPcFlUI8/cqgjEjxIJ1IxI8UpXdagyIlo2JkByZxD8HaCdAml3VgAsi4Nr7Q==", "Маина", "Соломкаа", "Викторовна", "crenation@gmail.com", 53388771252, "/upload/avatars/81.jpg", 2),
("bardesanism", "YoQM3MdbyfTtBG5J5IjWli24U07wNvxXiALNPsVh+oCfTx/x78tjd1Mv6cAOTVpF4vnFdL1E5v+DFKGiv3kcCg==", "Фиста", "Козаринова", "Валерьевна", "bardesanism@gmail.com", 658698731119, "/upload/avatars/97.jpg", 3),
("autometry", "wycOs2tUTzKCOp/EbmK7fGodwvzXSednageLpf6tBZvsbE4GWiT5S7JyR0ED3gt4u8UeIG5NlqJLK8rumGZW1g==", "Селина", "Секретарева", "Романовна", "autometry@gmail.com", 182040017892, "/upload/avatars/105.jpg", 2),
("misreflect", "ob9L/HaHup6AjVv66/x4CkbugpUVfX0mYdBztPZaU2wz2gOsQL3QQRlm1ppx403/+g0+TrtS63IYROVB8zkLlQ==", "Лукия", "Лесниченкоа", "Валерьевна", "misreflect@gmail.com", 465555267400, "/upload/avatars/86.jpg", 3),
("daffydowndilly", "8cRJ29Rk0c2vSmiAd8weh88ANMa6zOxFkLnWGFHdERpPlew4nWZRD6OAs7Y3z81x2u2szv4O4Z/mMBQHWoI39Q==", "Гурьян", "Яворский", "Олегович", "daffydowndilly@gmail.com", 810527225151, "/upload/avatars/25.jpg", 3),
("aghanee", "JzhVGHCROJmIhJtJcW6qOZ1p9qttWREfKhBNdiflWPVT1xpo3xVr+9BuEGaHQXJ4pXJLoqiwsIQQlq754z9bjg==", "Ипполит", "Волкопялов", "Матвеевич", "aghanee@gmail.com", 621392127168, "/upload/avatars/38.jpg", 2),
("crescentwise", "ZhTHKBxmeau1wNH6h5liIETHD8Le8Fj69Hgc1Ok+t8pE6cmzTGEwx8KsH6547Bo47G3ww/fodbdg6B1tprijIg==", "Митрофаний", "Храповицкий", "Игнатьевич", "crescentwise@gmail.com", 198612610985, "/upload/avatars/6.jpg", 2),
("churchgo", "7CrsewOfcEt24RUOh5Rwnzp1yOMiBKzjjwF95VX0w5FmzIFijDQgSWA+FjggPlhuQFcbMtuBuskMii47Va7S7A==", "Агафия", "Склярова", "Вячеславовна", "churchgo@gmail.com", 743277722029, "/upload/avatars/118.jpg", 3),
("heterologously", "xNG4dpWeGuqJ+yjDTPcQVYX65EATSInC9qVuio8yWkEyMgvvPybptWp7q7VHalTVzJ3KU4NeWSQfAToJFkRX2w==", "Дормедонт", "Зачесломский", "Вячеславович", "heterologously@gmail.com", 106998194106, "/upload/avatars/31.jpg", 2),
("desynaptic", "3cLQ+zjPt+TCaSqqsE0B7kQcOeBBVbO/E0pjm3rOT+7LgLOWeZhj0m2GRqr5aKGZAudRmxx45QqCvUepdgdktQ==", "Свирид", "Любятинский", "Львович", "desynaptic@gmail.com", 589112910872, "/upload/avatars/20.jpg", 2),
("herculanensian", "tRp7f9HfZ4EsB5+2j5PB+eUD67TpMRr/itXob0NbENZ4DS2ToNBPI9xsEmtRd2vdPBAAsaXFlXjMyJiMIGeKXw==", "Нила", "Фусикова", "Даниловна", "herculanensian@gmail.com", 670570437988, "/upload/avatars/71.jpg", 2),
("calvinism", "kDn1qZYMTz5fjb+lVyI0QYsO5e12OD/08xyBUmdacGY5/0jpMO4lUnB5vF7ZVZc2Su6yjnHADjKE88BSNs8ALA==", "Аврам", "Пиканов", "Егорович", "calvinism@gmail.com", 579210104618, "/upload/avatars/13.jpg", 2),
("dysmerism", "U0LMTm8VbYdgMcfnQE8I1mp2niRN+E7Fx9ImOtiV8zaBUSvKUVDop7L50OB2avB422o2ILhJbONW1nooFw/sVQ==", "Гея", "Мазура", "Яковлевна", "dysmerism@gmail.com", 729477958681, "/upload/avatars/79.jpg", 3),
("microzoary", "ALPxKDFxINZSaUdI0qTAgeWwo2bkmgSDbzu/sjzLzdCfBeQc2bgR0hfhMt0ux2XSHYf4wB+iEfVY4zObiSh5tw==", "Максимилиан", "Леонтиев", "Валентинович", "microzoary@gmail.com", 343378238678, "/upload/avatars/23.jpg", 2),
("disincarcerate", "Bj1gMqha0N3wUHWVyZo3nzzDUeDpP5DBcmtvsaUCgg4VEpmLkcL6/n5rOjkWqSAw0ZAmpZ685sdONI97iIkBkw==", "Амата", "Лукутина", "Дмитриевна", "disincarcerate@gmail.com", 440203029607, "/upload/avatars/100.jpg", 2),
("bathysphere_s", "0xER51d3R+R9zLzIu8+xuIsqfoD0sp+zUwS7axwVKUyghNh2C++vCaAlsgd8PBroBT/gRw/9UfLyr3dXqw+0yg==", "Нифонт", "Слепых", "Леонидович", "bathysphere_s@gmail.com", 808216373026, "/upload/avatars/47.jpg", 2),
("imbosom", "wuv+IdnkJUr5azsiJdSeGwqeBrKYv15/5N/efFkPqoiCrvrpVq+bNMde/Ifi6gPw4LV2LMwQoj3K3ETPSNERyQ==", "Зосим", "Церенщиков", "Игоревич", "imbosom@gmail.com", 550838529259, "/upload/avatars/58.jpg", 2),
("grimalkin", "TI35iH/TDQOVq7LukvtcaRoFoCLupn1SVepPmZKzmWewjhLmpLTkOM1GPhmbYPLHJIiSmqt5RgK7RY7vbvZSAw==", "Сибилла", "Полехова", "Эдуардовна", "grimalkin@gmail.com", 857560551176, "/upload/avatars/92.jpg", 2),
("illuminato", "tAs5g3NPURoZZ63Z3RQ4b90URIYSudiy6I9IDP8M2o5UpgchR08H/6POlf5wRxfjbqiQVMuZCOyOn3xxlo9POw==", "Питирим", "Лобаченко", "Робертович", "illuminato@gmail.com", 989098325815, "/upload/avatars/41.jpg", 2),
("chemotherapeutics", "lJilsWc9FQvMd3dgXwLMB17KErLiWthtCAOsyWiCWKhpy1MWL/cY/3KhQGbPyfBCTWinHdOvxg8YzR5p7Sjy8g==", "Ноэми", "Ивашиненкоа", "Владиславовна", "chemotherapeutics@gmail.com", 601515906465, "/upload/avatars/110.jpg", 3),
("duckfoot", "h3g3uMzAxeWnmYcBXwY8ugUHs25GSfDOHZV/m/ZiicuBF/IwTV8Wf375bDXhH/CzCD96qobpSgjgorA7Jo3ONA==", "Геронтий", "Тушнов", "Львович", "duckfoot@gmail.com", 949395890483, "/upload/avatars/57.jpg", 3),
("dirk", "mY7icTfPk9Ai4aMhIhrBn/s/WNtxHhFhoBvbK9+CzHdTvJGfQaLEmPZ3QuTZIqy9r5O1rWifs1Sualjpk2wrYQ==", "Сильвия", "Доломанова", "Борисовна", "dirk@gmail.com", 936973538480, "/upload/avatars/97.jpg", 2),
("academial", "W/WDeVTXj7qjhAZUtzpgW++rXp3df8ceLkxNFQ1TD0Bnb+r0A40c1B4wbUrRlVC0SwiRSNKI3HwbmfOvyaPE2g==", "Мстислав", "Щулепников", "Ярославович", "academial@gmail.com", 837520340439, "/upload/avatars/49.jpg", 3),
("narras", "/IN7LKtIk+S56eyJXfHEXtMbWfeqQX4Pe7yFKLre+BBO+h9p7BTsVvvOOnFCTeN+F7OObbbWD0ogo40CClIYDQ==", "Модеста", "Тяпунова", "Артемовна", "narras@gmail.com", 654086299904, "/upload/avatars/71.jpg", 3),
("incommiscible", "7HoAyi6OQbWa/NU4N8h8W76Pxlh2NI/1yuYD0Y5nSKkkPItJAFGuO/6EtyksUo8/RYaYZ/xRcO19hFoJtWkAIw==", "Аглаида", "Иштова", "Эдуардовна", "incommiscible@gmail.com", 611010643855, "/upload/avatars/104.jpg", 3),
("loin_s", "VW/GvEsuGaTYMz4viL5gserNH9xf2gSynzOm7Ca54QNiCkdumMQu1QK5gY0rbiDTva9xgVObK8Tpnk4Ywb8Q1w==", "Иероним", "Остроглазов", "Николаевич", "loin_s@gmail.com", 897640921936, "/upload/avatars/28.jpg", 2),
("deixis", "zHNYsIaQKtOyQnNeXRZz+h0BCtmranBPk6OshK5XqY2NogT4eAKTXLLcnjKzVKKpc+1npDAiNkYR6HHBtM9XLw==", "Розина", "Трофимука", "Станиславовна", "deixis@gmail.com", 428008398296, "/upload/avatars/84.jpg", 3),
("fairness", "vkVWnOKPaqTdIt79VQPcpYZllMp6tDDqCXuDEvrFoUHkZcUqKhI/uHlGPG1G+ag31zETv1g7Y56vrq2LEASzpA==", "Симон", "Мигулин", "Вячеславович", "fairness@gmail.com", 799438861862, "/upload/avatars/21.jpg", 2),
("mesoderms", "g3ARvvk1WGMB2o7nZVg8nb+flmWOzHs6RjxdpFGhxY+DEEYTqh1d6XmIUV6O1tqJlIxcvtPJFDDohdkj4Gq+4A==", "Новелла", "Марецкийа", "Александровна", "mesoderms@gmail.com", 625293596557, "/upload/avatars/107.jpg", 2),
("mimed", "UkrLAgUhOHiqlSMBwGAWRGyoHdznZHrT+/dxumJWJ0wDXZod5FtcyxR4imIt056ZMfyO7fG3Fl+/Cc1sgmRq1g==", "Паллидия", "Павлючкоа", "Васильевна", "mimed@gmail.com", 547577454772, "/upload/avatars/101.jpg", 2),
("ketonimid", "ZAd9jEe+tzVQYUdOXKnMEyrUGDG2b7bcWx9KmfHkXdZf/ioFg9F5yioemEGzDr90ttHxK0+2+OpLP4cr6hNLVg==", "Виргиния", "Выборнова", "Львовна", "ketonimid@gmail.com", 332874785549, "/upload/avatars/67.jpg", 3),
("fooder", "cMDK6GDta3cYFF+jcNf6kYX72pPeEkWUawgxm9+iuYdLvFXzatkV/JFd4kjS6aVG6j8kO5KPjnOEoAeC0WpDSg==", "Маргарита", "Шихматова", "Ярославовна", "fooder@gmail.com", 512958728227, "/upload/avatars/79.jpg", 3),
("cafes", "YkT7fq+7C4IQRJ0WyIwwPKsLD+NfLmu8xbYKQKlZgpTZAhZKTDOWYxUuUDgMyvl/xTqlE1JOa1nDpQBj5kqjUQ==", "Тигрия", "Собинкина", "Ильинична", "cafes@gmail.com", 446487154842, "/upload/avatars/119.jpg", 2),
("catchfly", "D/hLq8WOP7NU1HbJjiyjcMiyu8MlrZevmWWcT7d/u5PWzP8B4WTYdIWetQZSljUInDfh3nBabCmvxrd/ByPykg==", "Яков", "Федоровцев", "Бедросович", "catchfly@gmail.com", 598206762714, "/upload/avatars/19.jpg", 3),
("clubfeet", "6wzGA2jCMBmzvf/TkeyhLGGm8sF/5v8NzrEsMyNMw33/fa5Et1k0p2PDTfxJZTx/xLXlTbJYJtaZELdFazOh1w==", "Нестер", "Липинский", "Иосифович", "clubfeet@gmail.com", 721211245627, "/upload/avatars/18.jpg", 2),
("Ivo", "RLj2CovvxQRZoUzSKCo6ltBxkiEFSnhiCfVZK7ou4DZ++ZqTT1knlDqM6MNlJWgNw/SFRTOgu0+lNjZbIKEZug==", "Ева", "Ирошникова", "Семеновна", "Ivo@gmail.com", 298652046282, "/upload/avatars/72.jpg", 2),
("autoinhibited", "lASC5KUnFE4cMpqgJE40ad7Ia9p6WQZHRvrIu6z0lPC+PKN8eRajm5n6y5L/vtv9I3ZrNVC06Du8yNwEBWOkfA==", "Ермий", "Обрядов", "Иваныч", "autoinhibited@gmail.com", 878383895695, "/upload/avatars/26.jpg", 3),
("esters", "hAIxCK5gAfuZnU/jk7hUcYjWgjusmfuhZpa947FxiG83g5SWbB0s50NakETzG21lpcypsPZmz8hUH5Q53yBHIw==", "Каллиникия", "Фабричныйа", "Геннадиевна", "esters@gmail.com", 181593345899, "/upload/avatars/87.jpg", 3),
("endomycetaceae", "lbHY7Tn02X5n6PITNnicCBjo8YfGbNOw0T3OlhANpWX1ayICdyRR+Ky0koBHAaVzt1VascI7w6guibFDrBqOHA==", "Кира", "Ентальцева", "Романовна", "endomycetaceae@gmail.com", 48791202609, "/upload/avatars/74.jpg", 2),
("collarbone", "SYbktLKwB6z6tbGW14bNR/HeRRMP5tzPow0vfJoASUoMUURmCQARNKJ1qumOFbN4O3N1wdZBpA2+vT+Ox0GqXw==", "Сила", "Белан", "Георгиевич", "collarbone@gmail.com", 221495676479, "/upload/avatars/41.jpg", 2),
("drumlinoid", "SOuEftF/qhUlAXBEQzXgzP2pPK6rhitxU3ZeX5jayv7fkYeyAfRuRGDHHY5NzGN7i4Du6prentf+JgQIYNitCQ==", "Аникей", "Поротиков", "Леонидович", "drumlinoid@gmail.com", 178153099761, "/upload/avatars/59.jpg", 3),
("finnier", "Op9ECdBOBVqGzpWUWb62QJXgnufPQJO6x9RP8ri/it20AI2SxxR0DwQQzsHPoRjYQRwwYH6b4XCJRCedwZsvwA==", "Святослав", "Ансеров", "Максимович", "finnier@gmail.com", 362916173957, "/upload/avatars/49.jpg", 2),
("embryogony", "VcGJv7hOqJEquhpIfPZdssFmrzUR6yC+OK8NfOJ+CTksCEXGbTXIgZmaRtAaYANGQyQkaTrB6hi3mdu3+18RQg==", "Клеопатра", "Белянкина", "Филипповна", "embryogony@gmail.com", 744375626360, "/upload/avatars/105.jpg", 3),
("chantors", "rcG3v90FpRPHoFzLrRu7CcB8VjaEK6Eyi5jBDGKkWJxCS+bHgQ7/chOcyJV6klPXLWw/vzQA2t9k8ESmJO5R8g==", "Божена", "Дунаева", "Михайловна", "chantors@gmail.com", 959948968201, "/upload/avatars/91.jpg", 3),
("melancholia", "qJuEp/YkNMkLa/721uQbhH6Vo8c9h9e7+M66EJY1YNGWljnQJ38WWmjHz+HkdN7VeN+qdtd687DRbweCReJEjA==", "Давыд", "Невоструев", "Ярославович", "melancholia@gmail.com", 161606384400, "/upload/avatars/19.jpg", 2),
("interbrigade", "RDXDHxLNVDrWZz9En1m8Pz8CxcsOuEHxWRGJV3lsVSgOKgWJDZxyiNSE2zK+ngvPsnziTFHbLnPnRS0Luttfww==", "Ангелина", "Додула", "Васильевна", "interbrigade@gmail.com", 287099976152, "/upload/avatars/86.jpg", 2),
("autographically", "4ir6XGlZVIHRIiq6hMckwNlnu3CwGtTO3ikZ+6CyKdk4o7ezmlnz7ViPzm5XjOF/7HggDSK9qItKDMUSMhuG1g==", "Вонифатий", "Живоедов", "Степанович", "autographically@gmail.com", 748998093905, "/upload/avatars/21.jpg", 2),
("biculturalisms", "QV1B07ADMMwP59AjLAoUoSnC8f1K7Chrl6MOAZSwvKYvg5OWZ6WXbUwpPzXR16opjwxCxpxYkh4GHi8Pd6TXfg==", "Фёкла", "Шахова", "Андреевна", "biculturalisms@gmail.com", 579017112633, "/upload/avatars/107.jpg", 2),
("jatki", "yv6+2SZf+pAohPCgZyHhkIWqyIZopBSNxeqgxi+83//nYGfA7xlmSm0FQZo6d/eO7xtGquuAvkvensb+/TslRA==", "Мартимьян", "Чижевский", "Богданович", "jatki@gmail.com", 99146359440, "/upload/avatars/50.jpg", 3),
("Petunia", "YukBwVxv6YFW1kLpgb88CA3NYZjWVOpVbVx12sp7apEp+TvVjHON3R2C1e/pgTIsNa035WUrwIopyHLSs+iYWg==", "Кириак", "Волостнов", "Платонович", "Petunia@gmail.com", 13282824203, "/upload/avatars/17.jpg", 2);

# Fill table `employees`
INSERT INTO `employees` (`employee_id`, `experience`)
VALUES
(2, "1970-01-01"),
(3, "1970-01-01"),
(4, "1970-01-01"),
(5, "1970-01-01"),
(10, "1970-01-01"),
(11, "1970-01-01"),
(12, "1970-01-01"),
(15, "1970-01-01"),
(16, "1970-01-01"),
(20, "1970-01-01"),
(21, "1970-01-01"),
(22, "1970-01-01"),
(23, "1970-01-01"),
(24, "1970-01-01"),
(25, "1970-01-01"),
(26, "1970-01-01"),
(27, "1970-01-01"),
(31, "1970-01-01"),
(32, "1970-01-01"),
(33, "1970-01-01"),
(34, "1970-01-01"),
(35, "1970-01-01"),
(36, "1970-01-01"),
(37, "1970-01-01"),
(40, "1970-01-01"),
(41, "1970-01-01"),
(46, "1970-01-01"),
(47, "1970-01-01"),
(51, "1970-01-01"),
(52, "1970-01-01"),
(54, "1970-01-01"),
(57, "1970-01-01"),
(58, "1970-01-01"),
(60, "1970-01-01"),
(61, "1970-01-01"),
(62, "1970-01-01"),
(63, "1970-01-01"),
(65, "1970-01-01"),
(66, "1970-01-01"),
(67, "1970-01-01"),
(68, "1970-01-01"),
(69, "1970-01-01"),
(70, "1970-01-01"),
(73, "1970-01-01"),
(77, "1970-01-01"),
(79, "1970-01-01"),
(80, "1970-01-01"),
(81, "1970-01-01"),
(84, "1970-01-01"),
(86, "1970-01-01"),
(87, "1970-01-01"),
(90, "1970-01-01"),
(91, "1970-01-01"),
(93, "1970-01-01"),
(96, "1970-01-01"),
(97, "1970-01-01"),
(98, "1970-01-01"),
(99, "1970-01-01"),
(101, "1970-01-01");

# Fill table `offers`
INSERT INTO `offers` (`name`, `description`, `imagePath`, `price`, `period`, `isMain`, `isShow`)
VALUES
("Традиционная<br\>стрижка", "Эта классическая традиционная услуга идеально подходит,<br/>если вы хотите, чтобы ваши волосы были подстрижены правильно.<br/>Наши парикмахеры будут рады помочь вам с этим.<br/>Мытьё волос. Стрижка машинкой. Укладка волос.", "/upload/admin/service/traditional-haircut.png", 25, 25, 1, 1),
("Бритьё<br\>бороды", "Бритьё бороды - одна из наших самых популярных услуг.<br/>Это необходимость для всех мужчин,<br/>которые хотят иметь бороду, которая выглядит потрясающе.<br/>Распаривание кожного покрова лица. Бритьё шаветкой.", "/upload/admin/service/beard-shave.png", 40, 60, 1, 1),
("Подравнивание<br\>усов", "Усы - это классический выбор мужчин,<br>и они никогда не выйдут из моды надолго.<br>С нами вы можете сохранить свои усы ухоженными.<br/>Подравнивание усов. Укладка.", "/upload/admin/service/mustache-trim.png", 30, 45, 1, 1),
("Подравнивание<br\>бороды", "Все хорошо знаю, что борода придаёт брутальности лицу.<br/>Чтобы ваша борода смотрелась аккуратно,<br/>за ней нужен уход, именно поэтому мы предлагаем данную услугу.<br/>Придание формы бороде шаветкой. Укладка бороды.", "/upload/admin/service/beard-trim.png", 25, 30, 1, 1),
("Рисунок на волосах", "Стрижка волос согласно трафарету.", "/upload/admin/service/hair-draw.png", 55, 90, 0, 1),
("Афрокосички", "Мытьё волос. Заплетание косичек.", "/upload/admin/service/afro-braids.png", 150, 90, 0, 1),
("Покраска бороды", "Мытьё, окрашивание волос бороды.", "/upload/admin/service/beard-paint.png", 45, 75, 0, 1),
("Пробор/Окантовка", "Придание формы причёске.", "/upload/admin/service/part-edge.png", 10, 20, 0, 1),
("Укладка", "Укладка волос.", "/upload/admin/service/styling.png", 10, 15, 0, 1),
("Тонирование бороды", "Мытье, окрашивание, укладка бороды.", "/upload/admin/service/beard-tint.png", 35, 40, 0, 1);

# Fill table `reservations`
INSERT INTO `reservations` (`offer_id`, `customer_id`, `employee_id`, `date`)
VALUES
(1, 18, 2, "1970-01-01"),
(1, 72, 31, "1970-01-01"),
(6, 95, 70, "1970-01-01"),
(3, 9, 99, "1970-01-01"),
(7, 64, 77, "1970-01-01"),
(2, 6, 98, "1970-01-01"),
(9, 95, 69, "1970-01-01"),
(1, 18, 15, "1970-01-01"),
(1, 76, 33, "1970-01-01"),
(9, 19, 98, "1970-01-01"),
(5, 85, 60, "1970-01-01"),
(5, 18, 40, "1970-01-01"),
(1, 18, 90, "1970-01-01"),
(6, 71, 77, "1970-01-01"),
(1, 39, 35, "1970-01-01"),
(7, 95, 62, "1970-01-01"),
(7, 8, 4, "1970-01-01"),
(7, 53, 35, "1970-01-01"),
(2, 9, 54, "1970-01-01"),
(7, 71, 73, "1970-01-01"),
(3, 44, 70, "1970-01-01"),
(5, 38, 65, "1970-01-01"),
(4, 19, 70, "1970-01-01"),
(1, 64, 11, "1970-01-01"),
(6, 9, 87, "1970-01-01"),
(4, 8, 96, "1970-01-01"),
(4, 39, 12, "1970-01-01"),
(2, 83, 2, "1970-01-01"),
(6, 7, 33, "1970-01-01"),
(10, 64, 16, "1970-01-01"),
(9, 19, 2, "1970-01-01"),
(3, 28, 60, "1970-01-01"),
(3, 18, 25, "1970-01-01"),
(10, 6, 23, "1970-01-01"),
(8, 39, 46, "1970-01-01"),
(6, 78, 33, "1970-01-01"),
(6, 72, 51, "1970-01-01"),
(10, 74, 69, "1970-01-01"),
(5, 59, 67, "1970-01-01"),
(3, 56, 65, "1970-01-01"),
(9, 56, 69, "1970-01-01"),
(7, 13, 11, "1970-01-01"),
(1, 72, 84, "1970-01-01"),
(7, 30, 51, "1970-01-01"),
(9, 44, 90, "1970-01-01"),
(9, 94, 54, "1970-01-01"),
(3, 43, 91, "1970-01-01"),
(2, 44, 16, "1970-01-01"),
(9, 82, 4, "1970-01-01"),
(4, 83, 73, "1970-01-01"),
(9, 75, 11, "1970-01-01"),
(8, 56, 60, "1970-01-01"),
(6, 53, 65, "1970-01-01"),
(2, 82, 90, "1970-01-01"),
(2, 100, 54, "1970-01-01"),
(2, 95, 97, "1970-01-01"),
(3, 53, 73, "1970-01-01"),
(3, 53, 11, "1970-01-01"),
(10, 59, 63, "1970-01-01"),
(6, 19, 84, "1970-01-01"),
(2, 83, 81, "1970-01-01"),
(3, 44, 16, "1970-01-01"),
(4, 95, 12, "1970-01-01"),
(7, 56, 11, "1970-01-01"),
(5, 19, 31, "1970-01-01"),
(1, 71, 87, "1970-01-01"),
(1, 50, 51, "1970-01-01"),
(7, 13, 68, "1970-01-01"),
(6, 30, 20, "1970-01-01"),
(1, 49, 21, "1970-01-01"),
(7, 59, 36, "1970-01-01"),
(7, 49, 10, "1970-01-01"),
(4, 76, 20, "1970-01-01"),
(3, 64, 37, "1970-01-01"),
(3, 88, 58, "1970-01-01"),
(1, 28, 84, "1970-01-01"),
(7, 19, 81, "1970-01-01"),
(2, 92, 98, "1970-01-01"),
(5, 13, 86, "1970-01-01"),
(9, 6, 68, "1970-01-01"),
(2, 71, 33, "1970-01-01"),
(3, 19, 93, "1970-01-01"),
(7, 8, 54, "1970-01-01"),
(6, 42, 20, "1970-01-01"),
(3, 38, 46, "1970-01-01"),
(1, 56, 51, "1970-01-01"),
(7, 56, 47, "1970-01-01"),
(6, 76, 81, "1970-01-01"),
(6, 17, 98, "1970-01-01"),
(3, 38, 26, "1970-01-01"),
(9, 42, 40, "1970-01-01"),
(1, 83, 21, "1970-01-01"),
(7, 19, 91, "1970-01-01"),
(9, 13, 51, "1970-01-01"),
(3, 8, 91, "1970-01-01"),
(2, 48, 97, "1970-01-01"),
(1, 85, 67, "1970-01-01"),
(10, 43, 87, "1970-01-01"),
(4, 7, 90, "1970-01-01"),
(8, 74, 57, "1970-01-01");
