USE `barbershop_db`;
# Fill table `users`
INSERT INTO `users` (`login`, `password`, `name`, `surname`, `patronymic`, `email`, `phone`, `image_path`, `role`)
VALUES
("antirationality", "sG9AY25h3v76dTk7pPmPgbnhKgwWG5UheQD0j3VQR0nCFuqpLP5OB+5yr3gVYmWUNiXl2alOyoo1S/1LBCne9w==", "Нимфа", "Мартинина", "Валерьевна", "antirationality@gmail.com", 377374933990, "/resources/upload/avatars/92.jpg", 2),
("biscacha", "hbxwysYsfHeAVRU7PeiS6TmemWh9/2MsldOD+vwgA0UwuE57Ea0YQ3hLgr2Lr5hjpc2VkXGORXX1+VLsz6eSdw==", "Капитолина", "Иозефовича", "Денисовна", "biscacha@gmail.com", 321612764524, "/resources/upload/avatars/63.jpg", 2),
("assonant", "70dSOJFi/0dJwkrqLisGD1Osii8cEfuDTsPtauKZoSCRQWjbjUN092SeCdT0rb0619w4xhy3E/19nEzV7nOh/w==", "Исаакин", "Фоминых", "Геннадиевич", "assonant@gmail.com", 353117557343, "/resources/upload/avatars/1.jpg", 2),
("gaping", "wktnTdn1VkZ/y3vSyET+gbxX2SfogHxY+71tOUi8pitbc7DBfv3qo/hGANc9D6m++rXhhs1PzlznZDXnxZrWFA==", "Евстахий", "Федулаев", "Львович", "gaping@gmail.com", 416417009755, "/resources/upload/avatars/7.jpg", 3),
("bundweed", "RHDSMAyyEm+y68L2vY+5sHcIXHgnKBJpkkrwEU9lOoF7CsqSfsVaixUP7RA4z6h2CH4DyYAbcEkRtxZfpGig8A==", "Роберта", "Ватагина", "Борисовна", "bundweed@gmail.com", 298773892565, "/resources/upload/avatars/69.jpg", 2),
("muzzle", "8dc+AZ3G5Vev3yEhZaLfQgvk9HJKHJ3jYL5H4d2r7QFr5xx+HWgVT9N+OfAhr7nsW/dbQ98dfijpHdhrCB3XgQ==", "Флорентий", "Капанов", "Анатольевич", "muzzle@gmail.com", 865326458886, "/resources/upload/avatars/20.jpg", 2),
("ferrihydrocyanic", "9gacQwCVShYSf9iMqDkCihWe0/SHBQWvqiwipYql/kKyKfNaJjbM5Ks9qQO0gptEMI32sOjOujJ7RKKPTjFN7w==", "Ксанфиппа", "Ханова", "Дмитриевна", "ferrihydrocyanic@gmail.com", 242098003723, "/resources/upload/avatars/62.jpg", 2),
("jefferisite", "Y2X7YqTDGb6Fc6icCJFmW0p9+JTlsCHlcWIOSvFR4AW0iHKd5/+IINVZo1xIa4+yHgA1jz3yFYSl1gyyvLCXSg==", "Феосовия", "Яглова", "Евгеньевна", "jefferisite@gmail.com", 323661297087, "/resources/upload/avatars/68.jpg", 3),
("biscuitroot", "8WQD1cGqwtltBLu2Q8MzlAkj0YwzjumvVVw/Rq4cgAQqXNnhdTABQP3YtFS0Y3Hhx4vKGAu9vXqE/HK0hbbG6Q==", "Ирма", "Бедина", "Константиновна", "biscuitroot@gmail.com", 573280117325, "/resources/upload/avatars/81.jpg", 2),
("nervimotion", "Pyw2KyS+68P/6GwbGIT9AtqigHx+Gc/txyQb4eMOwDa7jXKo8ghQ1gshhTvtaMhJZKe8I4oaNGZuwoQ7Frkvxg==", "Пантелей", "Тонеев", "Игоревич", "nervimotion@gmail.com", 512669890351, "/resources/upload/avatars/30.jpg", 2),
("cystocele", "IKUNHHa07aNvPv/VgVyrl6lx0oaGO52Hkk25A1RQuxBgQrEgcbgN2dFk+DlTH6vP/szDkh5ZFzhjDCgB06+wWw==", "Самсон", "Мареичев", "Максимович", "cystocele@gmail.com", 694164151733, "/resources/upload/avatars/18.jpg", 3),
("nonobjectivism", "pI1p2m1z0rdkwbAYhTREcLfQRDb8EP0Svdo4goQSnEiDMCwYJU+xvL85MHsBoE1v5Dqlqh+5Qor1nAKPn2EuCA==", "Кир", "Малеванов", "Алексеевич", "nonobjectivism@gmail.com", 426858717185, "/resources/upload/avatars/30.jpg", 2),
("communalize", "PbBGDH/WrVMngAlcjOEmGqIM8cxJEQvTF+7HL4dKFVeHbH+9gZsnPdoSfKUftTKXilRyXO0DCJhI0j1eOD1YPA==", "Бонифатий", "Еранцев", "Иосифович", "communalize@gmail.com", 709990489400, "/resources/upload/avatars/8.jpg", 3),
("anitrogenous", "6VFRuHAVmPAYaJBVajxqkc+qmYtFItIz2Mt1OvPeMrmvQpwCt+Gqq3KwcTPCXCkxmjM2hsewzaeQAJY0THFKig==", "Домника", "Селина", "Максимовна", "anitrogenous@gmail.com", 432507359872, "/resources/upload/avatars/79.jpg", 2),
("dirgelike", "W7vaMGrupejeqeE+7jpxSJvEIUq8klvQiwjrI6FjPOV7aHDdQJBuGnBtCGrU/LJEPHSEKU/Qx/IA9hnDkpqh+w==", "Иродион", "Кастров", "Владиславович", "dirgelike@gmail.com", 559359480235, "/resources/upload/avatars/28.jpg", 2),
("emic", "9pFD2ft5aTSlA0zvfS58lU9QO0RtvLbDOTu0eVtk2wGVkEgNml3jLXtKTvtjXqgPYiYK6eD8kM7PJO53FUtwNw==", "Агафа", "Гребенюкова", "Максимовна", "emic@gmail.com", 190054579059, "/resources/upload/avatars/107.jpg", 3),
("dermophlebitis", "/13H/fCd4SI95IklBc61zjjTaaHD4setVQu3BIQlWRROWnskhZZ9gq39eHViu44Xd9avKTtT5aHWJa/cKMAtBg==", "Марьяна", "Заевскийа", "Платоновна", "dermophlebitis@gmail.com", 448237116769, "/resources/upload/avatars/86.jpg", 2),
("Toinette", "tQEBXUaprMeZUIYrSTDnQocaMXLfWkfbAdQd6S6ZPjpqANwoYGBeu7chvWtuE6SRMnUdIhQMPVlvk7bUWcFh7g==", "Анемподист", "Сосунов", "Федорович", "Toinette@gmail.com", 252363451017, "/resources/upload/avatars/14.jpg", 2),
("Jean-Normand", "uTY+Kopl4logOS8y73LNBeMCwyt7rNHSl81EsoqFjdIWJ0yHRVky/hmNvb8W9OvmnU9wFGJg75r2tV6bG/UfSQ==", "Мина", "Ахматова", "Викторовна", "Jean-Normand@gmail.com", 456193852459, "/resources/upload/avatars/105.jpg", 3),
("intimacy", "K/JpWbz3vNyldaFEMTul7XtMZg7tnFyzI2iUZdLwB20gzwnxkcKKcGieBPkSTN/lYdEuqT+nvr4gKiFi0iStVQ==", "Олдама", "Полуполковникова", "Владимировна", "intimacy@gmail.com", 487236206813, "/resources/upload/avatars/115.jpg", 2),
("celestiality", "K1yOfwX1SbIkIFk0JuEKeCtpvDTsIdfjXgWFOZjhfprBHUNy9aW+A5ndXhdiQIjUF2aaiwqwGwKcjDkSD/UrqA==", "Савина", "Твердашова", "Георгиевна", "celestiality@gmail.com", 479459605113, "/resources/upload/avatars/84.jpg", 2),
("olympiadic", "ypBTm0rdilMFDqVErm1kog5652AUP1OZePeLzT+2J+KDuxmqVQoK6tXJrd/zCnjzswcKCMINOaz7swgAcf8eEw==", "Довмонт", "Амелишко", "Вольфович", "olympiadic@gmail.com", 401047097937, "/resources/upload/avatars/47.jpg", 2),
("cubicles", "MdbkITJZRc5ui2kF3hcBe1rovSgKnglqSnXFtSwu5dzvEEwYYdTPxnWvUjW9QQOMXcQr4SLFAkc2pJJsVDxMjg==", "Фирс", "Урманцев", "Игнатьевич", "cubicles@gmail.com", 291325703746, "/resources/upload/avatars/44.jpg", 2),
("includable", "I4Y5lYsWkkLLFCzKhbmNPNxu18QYctQFBZo0yeVbt/Urfacotm7RdfrlmdqEFNSytriDJAVcFDRu5Mw7ECArmQ==", "Юлиан", "Бондарь", "Георгиевич", "includable@gmail.com", 235531041381, "/resources/upload/avatars/19.jpg", 2),
("midwestward", "1rGz8Twws0Oxp1pHPAiUJNOj2pO1FXtDiTSNi8aLhAPtrzSLan58gOttVT9/B8xuyLNAbs09hz3kL0wI+B9f5g==", "Феликса", "Вилегжанина", "Юрьевна", "midwestward@gmail.com", 419650126977, "/resources/upload/avatars/98.jpg", 3),
("areolation", "TE1Ntqq76IyWQoy+oyzFu2NBGgtsK5BIdI6Ae9LMNNSnDT8YvfIwvQeUXZiP3yGD+8ShndmNATu7xsCgXWVM2Q==", "Тимур", "Шибаев", "Платонович", "areolation@gmail.com", 821897400282, "/resources/upload/avatars/16.jpg", 3),
("middlebreaker", "7lnsmFR4VzdzuPbTBsj/wx6PyVoplDxYNYqQAuJIfE9fUQd0pGCGr9fcK7/VJfb9zA+1aDsCW6s1Pye/ynBJbw==", "Иаким", "Карпунин", "Иосифович", "middlebreaker@gmail.com", 404915275984, "/resources/upload/avatars/39.jpg", 2),
("demonological", "9Q6UzYBI5m1pwCLObiuzp0OZcD2UvRmYpEsE8KIev7bDnNJhyrXqkSndy6GL2bmuKMNG+uxr94I7HSY9qE1gdQ==", "Исаак", "Ловчик", "Иваныч", "demonological@gmail.com", 984147772653, "/resources/upload/avatars/55.jpg", 2),
("folkishnesses", "VNdZF4BpBGPOWzYtn9n31joYyZlxdcCFV6d5JiIpLGH8cuU3h7P8pAGM7Qy8vxdBWVIJzMk5MeZbhZ+dyBmhsg==", "Эраст", "Федулов", "Тимофеевич", "folkishnesses@gmail.com", 364094114651, "/resources/upload/avatars/54.jpg", 3),
("affiliations", "LZ67gMvGruaWvX2nU26rwtelyscyOEl6TIoC+lxW1VeBduWFr7s18lDLfEMEZ5+Eei/o+Cv0PSn9UBpe34fCzQ==", "Марионилла", "Арапкина", "Матвеевна", "affiliations@gmail.com", 131762033727, "/resources/upload/avatars/77.jpg", 3),
("impluvium", "xpP83mFZgUVa1SReqqFHHpcxgWc3ak/CGEnXEL2uuYAN9e3UORe9CksRTKpz2Uy4odFPRHBqYtOdex1KFpDGGw==", "Иннокентий", "Благиных", "Олегович", "impluvium@gmail.com", 436743071703, "/resources/upload/avatars/34.jpg", 3),
("exenterates", "hciUKWfoQSK73JQPBl6zlyDKTvl84C/NLM2DKstOJQ758kPQDZfGNykKK1BX1Kuucq1iuD+/5Da6Z7N0I16zCQ==", "Зиновий", "Левчук", "Михайлович", "exenterates@gmail.com", 961541791837, "/resources/upload/avatars/13.jpg", 3),
("disdenominationalize", "pimav+xZ9jWl/rF4J927CdcntsybmxQh7jime2W1zW2BcApxJM6X0cEpB3e+qoLzIDc9DtLBS2jFBFKDhcOEAQ==", "Каллимах", "Яровенко", "Денисович", "disdenominationalize@gmail.com", 888559790535, "/resources/upload/avatars/17.jpg", 3),
("dogberrydom", "m/rDrdbmgJ5SE3s/3BEDBgbaniZzr/eWfA6blNPRDBVKPg+YXprO6UxbQ8t5wdVl0BUtZ/4PMTQdcYM3X+1JLw==", "Иринарх", "Романов", "Григорьевич", "dogberrydom@gmail.com", 296235642412, "/resources/upload/avatars/53.jpg", 3),
("chutzpas", "/ep5K+9wK5xaQezlYCJqNVAoDEr+w0MfZPrcWRjEYmXqCBwTNQjJ6OGye3c3ZTi5azmgqq4jwfiS3MPLjtD9cQ==", "Исаак", "Коновальчук", "Северинович", "chutzpas@gmail.com", 451893330437, "/resources/upload/avatars/9.jpg", 2),
("intermittency", "FeM2HFJRbhq1SeuphVefxQEtSeIA7hwJrNw+gYGYJS+TmFenSFwLtX+h2AeBRbpuFVp0PFrkno7GLHCv0Y8tfw==", "Анисий", "Гольдин", "Иосифович", "intermittency@gmail.com", 369765069808, "/resources/upload/avatars/49.jpg", 3),
("carbonylic", "ur+Dp6JmqRpQkRM91HTDisV3QZuqspDT9tHp897UxNbgG0KYGOVZdjY26cOkeWa8fPIScTUf5Ht7Q3uO623Sow==", "Геласий", "Мамченко", "Евгеньевич", "carbonylic@gmail.com", 810224680903, "/resources/upload/avatars/33.jpg", 3),
("chuppa", "iiadI1I5ta9BqMwz7zSfsO3Qm2XKZcS0+2vzAu2UVc4FA+1InyJK3uIDPrf+8pDXh8tDnDIs7XUGEzPUM7WFoA==", "Флоренция", "Фандюшина", "Евгеньевна", "chuppa@gmail.com", 903922948459, "/resources/upload/avatars/105.jpg", 3),
("aortism", "3S3z9P2kOPmxK6CKi+hheydORmjJMachScUVgcxtcNVUiCXZBapYDrSNQDp4CWQEvwlFayMl76QBLROwdzJxuA==", "Амвросий", "Тарасик", "Федорович", "aortism@gmail.com", 922916193251, "/resources/upload/avatars/58.jpg", 2),
("clapboards", "ZltaWT9YPDuZ8kYFZiVh7UP7e5nKc0LFzIpeWgtZdIywzMo3jo9lug0weG03C9eusgaQkY18Oj7sHp87uFNhiA==", "Феодула", "Барана", "Николаевна", "clapboards@gmail.com", 453008094522, "/resources/upload/avatars/75.jpg", 3),
("dixieland", "Wsm9Ym4Bzb3+NKTJS85t3BN7ipz5VrtxRC76WqFyR2Q/NHH2yVEuiubBLDC6H1n+gA1aL+detgolPyt52+I3sw==", "Магдалина", "Наташина", "Романовна", "dixieland@gmail.com", 940554305200, "/resources/upload/avatars/100.jpg", 2),
("maltiness", "lr64qKitJMmQXLn69wGYJNTZHKwS3O4MZQMMCHvOtAI+UeLvqjMoEchxx/IakZwdcUpeS4RZPkwV3gZaD0zxew==", "Веньямин", "Белотелов", "Вольфович", "maltiness@gmail.com", 710502409909, "/resources/upload/avatars/3.jpg", 3),
("nonimpartment", "etDF8KrpvOPgXeRAhj4gFxdKscr0YlBPHnpWNQK8fI6C6uEVTYrON+DaAwPXtuPbhG10Xq8c8nBB4b5Fj6jQJQ==", "Октябрина", "Лисойа", "Ивановна", "nonimpartment@gmail.com", 917789421517, "/resources/upload/avatars/76.jpg", 3),
("angulation", "OpHOInzaAtxQxwQmxoQnz6RAf5ba9eolsxB20rV4dWGxev62/hahRsEwQ78uy1ifXYITDqzb4BdQ0l5h2gWuvQ==", "Фирс", "Игонин", "Северинович", "angulation@gmail.com", 628162078316, "/resources/upload/avatars/8.jpg", 2),
("creamer", "m6+vC6PP4lFg0GsIeBpmHlI9t8DWOKN3za+k4DReWF4TFNSJFOcc3Yvrw7eleEUP7anclTSff1Tuw0alQYl1og==", "Фелицитата", "Галаншина", "Антоновна", "creamer@gmail.com", 848365717643, "/resources/upload/avatars/81.jpg", 3),
("nescient", "i2xUK39/sA7izdCixZJgazYJHVqSZbi4DLEI4nNPHecwM7Tt+Xg1yhJkgq/DAJcQOORHpP5D4+V2y4wBD4hfBA==", "Тихомира", "Сенчука", "Валерьевна", "nescient@gmail.com", 474646873470, "/resources/upload/avatars/78.jpg", 3),
("antra", "pXkUq1r41+2WKsI0/Jy2M2ireNTAVG7Vov6R4t4xjdD5naT3kllHd2QVXtHHcxZlrHqCmb199qafKn/5ftbEuQ==", "Флавиан", "Гончаренко", "Валерьевич", "antra@gmail.com", 283590252268, "/resources/upload/avatars/32.jpg", 2),
("arctangents", "R6m6UZNHSxzo3mDwtOXtguJnlFYH8vZR7Rra0sTeIx9Qh550u6IZzTdSBbro4QxtBMhyFM8tdFPjBCVshhbHEA==", "Воля", "Панкрашова", "Николаевна", "arctangents@gmail.com", 11051656887, "/resources/upload/avatars/66.jpg", 3),
("diet", "A8Ka7mVuaoqwf3i/QXd2ho4qxpYcpUGQBpqOVLinhzKvLG3ZMfIlWwcZcu6yqKDsdnFAoP8L1gfHSAUkXp/4Bg==", "Аграфена", "Бобоедова", "Ивановна", "diet@gmail.com", 99598104029, "/resources/upload/avatars/92.jpg", 3),
("hexanchidae", "Bl2cHbijd5Ef5y0ckuYMFi/GoW6jeZG7/ViqFrez6UNkXSl6863bdz28yXagELCu5VoKqFZ5sh9BKrRPegehjA==", "Тимофей", "Еременко", "Владиславович", "hexanchidae@gmail.com", 844525760869, "/resources/upload/avatars/11.jpg", 3),
("multivariant", "St5Kq40hYLptJj8pk1WdC/P6822zlVYOZYyrP30SwAd5d02RautGk3I5YjL7ZSC9lREQU6iJXEoC6MmeZLXw5Q==", "Тигран", "Шпачков", "Александрович", "multivariant@gmail.com", 262542542224, "/resources/upload/avatars/10.jpg", 2),
("galenicals", "LFqR5lMDbFGEiNg7d6wnm7BvzpUOfL02rLnPQRKtH8/sFxnVZ/Vv+BuLwdSzZq1a1Tg1AdofM6y1WR0OuAsruA==", "Тимур", "Бурдин", "Палыч", "galenicals@gmail.com", 250940567045, "/resources/upload/avatars/23.jpg", 2),
("extrapolators", "lmt7uM4qOum6w9v7Hzre6Ng4A1NaKoTaBEUD0cGw94iHJP7PpDNVyJInGllbZhUgmDXFnFJHHXXruAYSp/NLCg==", "Антония", "Казана", "Васильевна", "extrapolators@gmail.com", 473289314757, "/resources/upload/avatars/103.jpg", 2),
("educand", "ZsFtnNuL3MUq1MX5JGtwa2iwy/BbPLYLqIy8QpKanoQmg9scWxD/HxsuEZ5Ci5pZVmjU7+cOckGiceo78c8ctg==", "Викторий", "Ворончихин", "Петрович", "educand@gmail.com", 67773138966, "/resources/upload/avatars/57.jpg", 2),
("goajiro", "pGhSYRy6gXj18eQrlhspVZC20zcVHLkTI/fjAhssLPTpaDVNXQ5PBCht+XTVvc3MM/NN6v1B83BgSQT9NkK5mA==", "Кир", "Гришанов", "Палыч", "goajiro@gmail.com", 117207549952, "/resources/upload/avatars/32.jpg", 3),
("abandonee", "ZtieLf/kBDqNdTXULl/5AQUhoX3ffaqMtAu/IJmYTvcv3+oXZwKp0xjDdeIgVcQUB28CKPJsRoj8yvYpaKoNeg==", "Устина", "Евстифорова", "Богдановна", "abandonee@gmail.com", 536012025287, "/resources/upload/avatars/82.jpg", 2),
("divoto", "g3iIEzmW5hxEgz0WuhQXSFE2HkqAdpm8ERpszpIYE6B0MQRkvwil2x6CuN8yRzLmy4Xmk0WItoZ1NZvIcy9NmQ==", "Алексина", "Магеряа", "Валентиновна", "divoto@gmail.com", 680155806390, "/resources/upload/avatars/115.jpg", 2),
("masterminded", "aRBKja7QFlFMZw3Su4vSQoVD1KauKN54UFk0whfoLIjzwfkg5FzbWyihcFo8nF85/2xK4uFtz0CI5gwNWT3xyw==", "Мартирий", "Рогатый", "Степанович", "masterminded@gmail.com", 540051576445, "/resources/upload/avatars/25.jpg", 3),
("damnification", "SyGUXWwxFU0Bu5Aza0xf/Js/Hxib9bgdJANyk+cJOD5441sm/77fAA9L1tljHcRZmAgea2SkMXiZw1Czmrc6MA==", "Виолетта", "Корабельщикова", "Федоровна", "damnification@gmail.com", 596010510250, "/resources/upload/avatars/89.jpg", 3),
("monimiaceae", "XMrc6Qncs9FKx2mG9LvDd53yvc6MwTxQVsPgsP7OjoGF/D/y2gzFzBqKQgmtetfnd3lGoBNlVT/jVZtnLRGUsA==", "София", "Нафтульева", "Иосифовна", "monimiaceae@gmail.com", 332663487600, "/resources/upload/avatars/105.jpg", 2),
("cremometer", "O9p5bgXV3VbKxAFuGTfFJYl2cbZ0MOSn9zb1r4YuN4jUuU+SO2d9386cj0Je1EABvX/TRByGfkuhNejVzvFcqQ==", "Венцеслава", "Новика", "Олеговна", "cremometer@gmail.com", 458117246062, "/resources/upload/avatars/105.jpg", 3),
("libellulid", "mqtPsCpQg78ajGTvp/SSPu40+2cgP/zjMltKA53gebIDMykAZaCugR9F2cPUZLmutCWyih9cWGii+oamD6H0og==", "Ираида", "Бурдюкова", "Григорьевна", "libellulid@gmail.com", 566361000149, "/resources/upload/avatars/95.jpg", 3),
("mispositioned", "xYUlI2DNZyXbvMXS3+/p/NCNlSTG0niVSH+vOmIA/LXSljp6I68G+tnw5eXVLefm0Pc1dHLDwBHlI0u0txaBlw==", "Иосафат", "Семененко", "Тимофеевич", "mispositioned@gmail.com", 128990900656, "/resources/upload/avatars/27.jpg", 3),
("azygos", "bVMJ5fAdtBBDxmXcNuiCdIpB7THZIrw65GoBpT2TXvzHo2NmN3iBOjcTTZ12rKGPDAWdFdCxrzvQMcv2MWds+Q==", "Радислав", "Дунаев", "Львович", "azygos@gmail.com", 393309109045, "/resources/upload/avatars/12.jpg", 2),
("emblemist", "ntkG1fVdKBvGRm8ZMJ4HbWsiFDqpHFIBIUmhg8gw+S+SO+b1d3zyDjw1pLI0xLmsd4SqbTeSNWggTgT0zPc2Vg==", "Апраксин", "Афинина", "Викторовна", "emblemist@gmail.com", 282804707826, "/resources/upload/avatars/107.jpg", 3),
("gyrostatically", "Ve6EixNilX0bJY9QQQBBDXUhJl9Eg8FyaOmJ1CURbi8Vypu2x/dVUbpqs+AphAoOhEMWaparooY/XivcM7o6EQ==", "Селивёрст", "ИвашнЯв", "Семенович", "gyrostatically@gmail.com", 801350900162, "/resources/upload/avatars/30.jpg", 3),
("misedits", "+WD+r6lQbFwupKguJVqI33OdEMFTYz/DjpdcPVitAByNyN1crZaSaXkZ/Y/+P4Tz4HORoV6XW/SEMh7AkLZLnA==", "Прокопий", "Гризодубов", "Петрович", "misedits@gmail.com", 686011603163, "/resources/upload/avatars/59.jpg", 3),
("coetus", "bYPxFaQEVDXejV5F5qH1ApZdQBXXLWtErGkZXmBDtBelxCdtYWVUIUcFMU1k+Qwd5pMa6Wq93SJRDl5CTwWZgg==", "Федоза", "Посошнова", "Георгиевна", "coetus@gmail.com", 253925360755, "/resources/upload/avatars/105.jpg", 2),
("endosiphon", "6jzthRsIDJO+bHPfyFI+GCSh+75/6feIYAg//n/4zPTmeii19TvZz3nCdDIWhQy6IFXAMMpmR1i0joxqKw8DsA==", "Иустин", "Загородный", "Иваныч", "endosiphon@gmail.com", 890438308708, "/resources/upload/avatars/53.jpg", 3),
("foreleech", "kYLjvUTv8Zkf0Wzc6KovKDrzwU5fAdATyByR6e5Wo6AITLieIB5n+j06DmP2ewpBh4+a/FWG2yRRzlxMXpxnAA==", "Лавра", "Рябухова", "Тарасовна", "foreleech@gmail.com", 272689173770, "/resources/upload/avatars/106.jpg", 3),
("analogicalness", "5muQHazOUdZ3hVwcL6EUsh2141daBfy0Nu7Lb5TzpCrtoWm5z2QsOrGkBcXDC6oxOAl05kV5WinD7Chg2RNUXw==", "Калерия", "Чикомасова", "Борисовна", "analogicalness@gmail.com", 426602958594, "/resources/upload/avatars/112.jpg", 2),
("awearied", "oZx0oR0+YWjWqG0BT6wHRRt3bqUPGLdWeS2NgexxcmxesJiWDQGDW5LCy4Pjsw1ysbmh+DaAMV35lronBN7Bmg==", "Ефрем", "Трубкин", "Матвеевич", "awearied@gmail.com", 510693510275, "/resources/upload/avatars/38.jpg", 2),
("chock", "Ph34WbbPFNTjK+shsin2j945ZaosjbxcNPQjgqco+AHLEsODd/luXO2Ri0f/X5NvoG74J2Xwbxs1NbZYCY75WA==", "Флавия", "Булаха", "Филипповна", "chock@gmail.com", 928092160091, "/resources/upload/avatars/82.jpg", 3),
("elmer", "uNY+aSMLxzmg3gcbeLCxFphhxI8pb6N5INAQT5y0gCbkA7tXCifVXzsl6b7Ns3jxjGsbBIVoswgz5BfSEC4tVA==", "Филипп", "Галицын", "Игнатьевич", "elmer@gmail.com", 235186145666, "/resources/upload/avatars/57.jpg", 3),
("methylxanthines", "l0Lay8ReaelRpCU6F8ksl8AGFOE8gLGMnCMpXqHJdmsRYOwWZzK54n4NgnCniFQLBGFWZEexeCj7+qJscKAu0A==", "Илария", "Ягодкина", "Эдуардовна", "methylxanthines@gmail.com", 371657661188, "/resources/upload/avatars/98.jpg", 3),
("concussively", "4jAdRbCK3Eagej9Kj3edOL9yQAcJBcuS2eP9DcWIqR59XkmE+ZOAo0O6SCU2TxYbCb7akw0dpI/9mAjm69BDBg==", "Фетинья", "Карповича", "Львовна", "concussively@gmail.com", 713147492207, "/resources/upload/avatars/102.jpg", 3),
("malaperts", "2m7n2sopeGLQGugKlD+MWAw+/pyMYRB03HO4E4bq3z4i/brWGlOHaNUKIIx5kSbPA3uXors56MBSubWQzLvfpw==", "Магна", "Елухина", "Вячеславовна", "malaperts@gmail.com", 398048341541, "/resources/upload/avatars/91.jpg", 3),
("bristol", "N239wKYmeGgcDZiPG0MGANQS92Wnrr95ir/3tp7AxfwyU1LXr5PqjZNRo1OcrRK2bHnTug7/uJtqDEzhxrdTGA==", "Малина", "Русняка", "Валерьевна", "bristol@gmail.com", 310845332088, "/resources/upload/avatars/77.jpg", 2),
("luftmensch", "J3iUMNMweRG3t6roYWuW5OAYCrT5S1/Tgk7+phhuAvCs6uhBuVU8uO+YGZ1zsOPjFI8nt9gSMZmDKsMy9vsxtQ==", "Юлиана", "Пацкевича", "Валентиновна", "luftmensch@gmail.com", 398207850603, "/resources/upload/avatars/96.jpg", 2),
("bouche", "syztI3UyqtBWqOuhgWIrisDJxWMgvfFL1E0TrrOJqI1U+Bo5IIg3YSyu6XcfM6s5hkh62GHku9vutx+vieNEaw==", "Адам", "Евклидов", "Максимович", "bouche@gmail.com", 545531738721, "/resources/upload/avatars/30.jpg", 2),
("dumpsite", "RfWSmMa4LW3sOIfOu7ujAK3ifP87Pb7gYDyYr4ReeGLdWfCngXxHOlSp6/F03WNUwpQ66AuR1iMOQOH7NmEBUA==", "Геронтий", "Епифаньев", "Владиславович", "dumpsite@gmail.com", 800745936734, "/resources/upload/avatars/40.jpg", 3),
("gutturalized", "cT82edxGRuJFoCtVQKYI20Mfz9pijDH43SsvAeuSOP9ZVaXhaRB9Tdi0GjsxN3nmX6QPR/NaYA5RcLo/CiAzlA==", "Май", "Носенков", "Александрович", "gutturalized@gmail.com", 929880205116, "/resources/upload/avatars/30.jpg", 3),
("mirabelle", "Tn1QzlOqZbUQGKfAstX6koQGa5elycqRCu8T+QtXOAUQrEjV5m5JG2XppoEU/AMVEGMreNSYgFLut8LI4ynxyA==", "Флёна", "Гавришева", "Тарасовна", "mirabelle@gmail.com", 18455929381, "/resources/upload/avatars/106.jpg", 2),
("crippled", "YcpC9zRX0EEGDbtoiCeMo1XqA8gTQh7PaZcSO0hiv6/j1B5ENwuluYEUeEQLlzMRYEl7cyqqCDivDkuq+QpwNA==", "Феофилакт", "Справец", "Павлович", "crippled@gmail.com", 898571799783, "/resources/upload/avatars/50.jpg", 2),
("crystallochemical", "gXlrCk51gVdFIqilTwMgHb3C8EH4eoLwAG8v7605cLguNldQVWsI0+Y7aIYdtTDMf6o4M4uhe1P3NRtOV3yThw==", "Зосима", "Санаев", "Иванович", "crystallochemical@gmail.com", 671886666980, "/resources/upload/avatars/55.jpg", 2),
("disconnected", "yENYytMj1rPWDHL6E/yQFfIX8M4mvAnrfBNReP20MoEk4WUrAVMLikznsAG9J1ybbd8vmtaU9wmvBfPez1cFqw==", "Евангелина", "Харитова", "Тарасовна", "disconnected@gmail.com", 982532957943, "/resources/upload/avatars/102.jpg", 2),
("muffin_s", "oEwQOvQLkggyyvwfSChg+JnO/23P9+4n7Hv5BWuUEwCO8xvT1ccBCO8e3EK9TyPZSBEV8MHQBeJuTFE/ACQgag==", "Алиса", "Манишкина", "Геннадиевна", "muffin_s@gmail.com", 269190258012, "/resources/upload/avatars/103.jpg", 3),
("grossulars", "6hXJAxkTtyiiOiLNbobxS1eAp7MjaNTDFenGFj/6vSY9pPSSsC5K2xNW6UbWh0spBOi02gVGshSWdc7lR/rm1g==", "Егор", "Голубейко", "Романович", "grossulars@gmail.com", 103045450379, "/resources/upload/avatars/11.jpg", 2),
("entreatingly", "map8qNYt1Q3SdT2sBmpfHc4xSg55fgfGKxn+HMlABZhuigL6ge91E55OpO80nxmj8bMcT6RRFTzSpetDClkmBw==", "Алёна", "Енькоа", "Алексеевна", "entreatingly@gmail.com", 649698465791, "/resources/upload/avatars/102.jpg", 3),
("lippiness", "f/RgT/rDDwQ+7ufWHnNMImQBVIcWMd+wkoPDrOuZAO6SFVLQ2y5pANXKshteIrC4IDYiUBc6sIQg028GiM0zhg==", "Кондратий", "Змеев", "Леонидович", "lippiness@gmail.com", 478071288427, "/resources/upload/avatars/44.jpg", 2),
("Melly", "vYBTAjhI5ao943gUdlaI9lsfBVHa2GVsD8YV3lgtkkDp7VGKFHdw4ZjTtl/EGaJyYSG0VhqcPX1uGXf8CaUwcg==", "Фелиция", "Чурбанова", "Алексеевна", "Melly@gmail.com", 307750403896, "/resources/upload/avatars/74.jpg", 2),
("cuckolds", "qpENOWTJcsv9+0BgX8mGQ1URrESd1GHpmK39UGfqqIW83vL4legMkBpomJQr2C4L473dDbHJPxuuhXZCXlMdtA==", "Феофила", "Ознобихина", "Эдуардовна", "cuckolds@gmail.com", 948019389983, "/resources/upload/avatars/81.jpg", 3),
("audience", "MNOpxfVEfRFwNnQf9xD2HjvCY+jqWcKo1Mlpaf3JVsfmRENgX9feee10aoXPn45hVK/wVsZInLwdZr4t6BC1ZA==", "Сильвия", "Качалина", "Олеговна", "audience@gmail.com", 722740136764, "/resources/upload/avatars/91.jpg", 2),
("annette", "+IBfTHrVpHVMcgwAotavjql4m9ehzL/ctWmy/XJS/7w9MlmflCD/+yzlBZgOg5MoZq9Awno1Vxw9KWAn7ju25A==", "Элисса", "Зоткина", "Яковлевна", "annette@gmail.com", 595456348880, "/resources/upload/avatars/66.jpg", 3),
("commutable", "XQ8nloIMXxtuegK+uZQ0QWtGniOtjsTM0B3rW5FmOvfabO8qiClVMkI//YJxKMMErYvV4Xmp+55CL2ya21Yl0A==", "Болеслав", "Грязнухин", "Данилович", "commutable@gmail.com", 186526601484, "/resources/upload/avatars/24.jpg", 2),
("backage", "MJRHWQ6nvZdlPJD5/zk5hiQErzpuZ03SaxZiOTYqJuZEZq9n2VH5GPBSY/689cxsOVr6sc7xL064ZIvehlnuKQ==", "Варсоноф", "Дорофеев", "Валентинович", "backage@gmail.com", 780163246790, "/resources/upload/avatars/17.jpg", 2),
("demergering", "pbApffkjNHK1ZM+/lAeSVR/QS1ITK9UcnD5WObCdiBxSEGwjyGIR2OMbN16W7jKNZer5ggLqOvELBMF4+xjxyA==", "Сильван", "Теренин", "Яковлевич", "demergering@gmail.com", 48314157640, "/resources/upload/avatars/58.jpg", 2),
("enframing", "vSnUU+Qn5yIWUmb3OTxpn/j/TlZBtw1V7zruOioHLykJoh1C+qs+7E+JFDCC05G/CJbyslfbCsdkOdsfv03YJQ==", "Май", "Шершавый", "Григорьевич", "enframing@gmail.com", 185476406974, "/resources/upload/avatars/46.jpg", 2),
("Faiz", "Wx/0s8kZlk0oe9y9prSDlLDs+T33VSTm0Z8DTCEv58yY/n6tvWXHOPaOlsB6aRLmPB1qH1mYSbgQUCMpT96cBA==", "Орест", "Хабаров", "Владимирович", "Faiz@gmail.com", 950950183306, "/resources/upload/avatars/48.jpg", 3),
("lunations", "Hj1KYNSlReihLDUjeV5IVhj3MEtM2aAqDb2bbDu12JqIkj1D9vrPCr0vWe4zNdhNtas1TzZBV+Xg5nYZ8lJZPA==", "Бенедикт", "Жученко", "Викторович", "lunations@gmail.com", 955720308165, "/resources/upload/avatars/6.jpg", 3);

# Fill table `employees`
INSERT INTO `employees` (`employee_id`, `experience`, `im`, `fb`, `vk`, `work_week`)
VALUES
(2, "2000-04-07", "https://www.instagram.com/2", "https://www.facebook.com/2", "https://vk.com/2", "1101101"),
(3, "1983-11-25", "https://www.instagram.com/3", "https://www.facebook.com/3", "https://vk.com/3", "1010100"),
(4, "2012-06-11", "https://www.instagram.com/4", "https://www.facebook.com/4", "https://vk.com/4", "1111010"),
(6, "2006-02-09", "https://www.instagram.com/6", "https://www.facebook.com/6", "https://vk.com/6", "1010000"),
(7, "2007-06-11", "https://www.instagram.com/7", "https://www.facebook.com/7", "https://vk.com/7", "1000000"),
(8, "1970-11-18", "https://www.instagram.com/8", "https://www.facebook.com/8", "https://vk.com/8", "1010111"),
(10, "1996-03-03", "https://www.instagram.com/10", "https://www.facebook.com/10", "https://vk.com/10", "1000101"),
(11, "1994-05-23", "https://www.instagram.com/11", "https://www.facebook.com/11", "https://vk.com/11", "0000110"),
(13, "1993-02-06", "https://www.instagram.com/13", "https://www.facebook.com/13", "https://vk.com/13", "1111110"),
(15, "1996-03-08", "https://www.instagram.com/15", "https://www.facebook.com/15", "https://vk.com/15", "0010001"),
(16, "2014-09-04", "https://www.instagram.com/16", "https://www.facebook.com/16", "https://vk.com/16", "0111001"),
(18, "2005-11-18", "https://www.instagram.com/18", "https://www.facebook.com/18", "https://vk.com/18", "0101011"),
(19, "1982-01-07", "https://www.instagram.com/19", "https://www.facebook.com/19", "https://vk.com/19", "0100011"),
(21, "1974-01-22", "https://www.instagram.com/21", "https://www.facebook.com/21", "https://vk.com/21", "0010011"),
(22, "2008-04-06", "https://www.instagram.com/22", "https://www.facebook.com/22", "https://vk.com/22", "1011011"),
(23, "2001-05-13", "https://www.instagram.com/23", "https://www.facebook.com/23", "https://vk.com/23", "1011111"),
(24, "2013-03-29", "https://www.instagram.com/24", "https://www.facebook.com/24", "https://vk.com/24", "0111001"),
(25, "2002-08-29", "https://www.instagram.com/25", "https://www.facebook.com/25", "https://vk.com/25", "1100010"),
(28, "1990-09-06", "https://www.instagram.com/28", "https://www.facebook.com/28", "https://vk.com/28", "1000010"),
(29, "2014-02-28", "https://www.instagram.com/29", "https://www.facebook.com/29", "https://vk.com/29", "1000001"),
(36, "1993-05-12", "https://www.instagram.com/36", "https://www.facebook.com/36", "https://vk.com/36", "1101011"),
(40, "1977-07-02", "https://www.instagram.com/40", "https://www.facebook.com/40", "https://vk.com/40", "0110000"),
(42, "1978-11-02", "https://www.instagram.com/42", "https://www.facebook.com/42", "https://vk.com/42", "1000011"),
(45, "1988-02-03", "https://www.instagram.com/45", "https://www.facebook.com/45", "https://vk.com/45", "0000000"),
(48, "1981-05-17", "https://www.instagram.com/48", "https://www.facebook.com/48", "https://vk.com/48", "1111011"),
(52, "1999-11-10", "https://www.instagram.com/52", "https://www.facebook.com/52", "https://vk.com/52", "0001010"),
(53, "1991-05-09", "https://www.instagram.com/53", "https://www.facebook.com/53", "https://vk.com/53", "0000100"),
(54, "1974-12-12", "https://www.instagram.com/54", "https://www.facebook.com/54", "https://vk.com/54", "0111011"),
(55, "1974-11-30", "https://www.instagram.com/55", "https://www.facebook.com/55", "https://vk.com/55", "1111110"),
(57, "2006-02-28", "https://www.instagram.com/57", "https://www.facebook.com/57", "https://vk.com/57", "0010001"),
(58, "1974-01-02", "https://www.instagram.com/58", "https://www.facebook.com/58", "https://vk.com/58", "0101100"),
(61, "2010-02-24", "https://www.instagram.com/61", "https://www.facebook.com/61", "https://vk.com/61", "0001001"),
(65, "2011-01-22", "https://www.instagram.com/65", "https://www.facebook.com/65", "https://vk.com/65", "0010001"),
(69, "1996-01-14", "https://www.instagram.com/69", "https://www.facebook.com/69", "https://vk.com/69", "0111010"),
(72, "1984-12-31", "https://www.instagram.com/72", "https://www.facebook.com/72", "https://vk.com/72", "1110111"),
(73, "2006-02-22", "https://www.instagram.com/73", "https://www.facebook.com/73", "https://vk.com/73", "1010001"),
(79, "1973-10-27", "https://www.instagram.com/79", "https://www.facebook.com/79", "https://vk.com/79", "0100101"),
(80, "2013-08-22", "https://www.instagram.com/80", "https://www.facebook.com/80", "https://vk.com/80", "1010001"),
(81, "2007-08-20", "https://www.instagram.com/81", "https://www.facebook.com/81", "https://vk.com/81", "1100000"),
(84, "1998-11-16", "https://www.instagram.com/84", "https://www.facebook.com/84", "https://vk.com/84", "1000011"),
(85, "1980-04-17", "https://www.instagram.com/85", "https://www.facebook.com/85", "https://vk.com/85", "0011010"),
(86, "1989-06-19", "https://www.instagram.com/86", "https://www.facebook.com/86", "https://vk.com/86", "0101110"),
(87, "1973-11-30", "https://www.instagram.com/87", "https://www.facebook.com/87", "https://vk.com/87", "0110011"),
(89, "1998-03-04", "https://www.instagram.com/89", "https://www.facebook.com/89", "https://vk.com/89", "1000101"),
(91, "1982-08-22", "https://www.instagram.com/91", "https://www.facebook.com/91", "https://vk.com/91", "1110000"),
(92, "1976-12-07", "https://www.instagram.com/92", "https://www.facebook.com/92", "https://vk.com/92", "0110000"),
(94, "2006-11-08", "https://www.instagram.com/94", "https://www.facebook.com/94", "https://vk.com/94", "0011111"),
(96, "2005-08-08", "https://www.instagram.com/96", "https://www.facebook.com/96", "https://vk.com/96", "0111101"),
(97, "1983-10-31", "https://www.instagram.com/97", "https://www.facebook.com/97", "https://vk.com/97", "0100001"),
(98, "1977-03-22", "https://www.instagram.com/98", "https://www.facebook.com/98", "https://vk.com/98", "0111101"),
(99, "1997-08-15", "https://www.instagram.com/99", "https://www.facebook.com/99", "https://vk.com/99", "1011100");

# Fill table `offers`
INSERT INTO `offers` (`name`, `description`, `image_path`, `price`, `period`, `is_main`, `is_show`)
VALUES
("Традиционная<br\>стрижка", "Эта классическая традиционная услуга идеально подходит,<br/>если вы хотите, чтобы ваши волосы были подстрижены правильно.<br/>Наши парикмахеры будут рады помочь вам с этим.<br/>Мытьё волос. Стрижка машинкой. Укладка волос.", "/resources/upload/admin/service/traditional-haircut.png", 25, 25, 1, 1),
("Бритьё<br\>бороды", "Бритьё бороды - одна из наших самых популярных услуг.<br/>Это необходимость для всех мужчин,<br/>которые хотят иметь бороду, которая выглядит потрясающе.<br/>Распаривание кожного покрова лица. Бритьё шаветкой.", "/resources/upload/admin/service/beard-shave.png", 40, 60, 1, 1),
("Подравнивание<br\>усов", "Усы - это классический выбор мужчин,<br>и они никогда не выйдут из моды надолго.<br>С нами вы можете сохранить свои усы ухоженными.<br/>Подравнивание усов. Укладка.", "/resources/upload/admin/service/mustache-trim.png", 30, 45, 1, 1),
("Подравнивание<br\>бороды", "Все хорошо знаю, что борода придаёт брутальности лицу.<br/>Чтобы ваша борода смотрелась аккуратно,<br/>за ней нужен уход, именно поэтому мы предлагаем данную услугу.<br/>Придание формы бороде шаветкой. Укладка бороды.", "/resources/upload/admin/service/beard-trim.png", 25, 30, 1, 1),
("Рисунок на волосах", "Стрижка волос согласно трафарету.", "/resources/upload/admin/service/hair-draw.png", 55, 90, 0, 1),
("Афрокосички", "Мытьё волос. Заплетание косичек.", "/resources/upload/admin/service/afro-braids.png", 150, 90, 0, 1),
("Покраска бороды", "Мытьё, окрашивание волос бороды.", "/resources/upload/admin/service/beard-paint.png", 45, 75, 0, 1),
("Пробор/Окантовка", "Придание формы причёске.", "/resources/upload/admin/service/part-edge.png", 10, 20, 0, 1),
("Укладка", "Укладка волос.", "/resources/upload/admin/service/styling.png", 10, 15, 0, 1),
("Тонирование бороды", "Мытье, окрашивание, укладка бороды.", "/resources/upload/admin/service/beard-tint.png", 35, 40, 0, 1);

# Fill table `reservations`
INSERT INTO `reservations` (`offer_id`, `customer_id`, `employee_id`, `date`)
VALUES
(9, 51, 84, "2019-12-21"),
(7, 70, 58, "2019-12-13"),
(1, 12, 16, "2019-12-25"),
(1, 38, 79, "2019-12-22"),
(5, 93, 86, "2019-12-27"),
(7, 20, 28, "2019-12-19"),
(2, 56, 21, "2019-12-25"),
(6, 31, 85, "2019-12-25"),
(5, 12, 7, "2019-12-18"),
(6, 71, 52, "2019-12-21"),
(7, 67, 73, "2019-12-19"),
(1, 77, 29, "2019-12-17"),
(3, 100, 73, "2019-12-25"),
(2, 14, 72, "2019-12-19"),
(5, 31, 92, "2019-12-24"),
(9, 77, 16, "2019-12-12"),
(4, 35, 99, "2019-12-23"),
(8, 32, 89, "2019-12-28"),
(9, 37, 86, "2019-12-21"),
(4, 59, 79, "2019-12-14"),
(5, 71, 42, "2019-12-12"),
(3, 101, 87, "2019-12-13"),
(4, 49, 18, "2019-12-24"),
(2, 5, 24, "2019-12-22"),
(2, 76, 81, "2019-12-15"),
(1, 67, 25, "2019-12-20"),
(3, 27, 16, "2019-12-14"),
(2, 78, 18, "2019-12-18"),
(8, 17, 7, "2019-12-22"),
(8, 17, 96, "2019-12-22"),
(7, 33, 24, "2019-12-25"),
(3, 38, 3, "2019-12-26"),
(9, 59, 54, "2019-12-27"),
(9, 46, 23, "2019-12-27"),
(9, 62, 8, "2019-12-21"),
(8, 101, 96, "2019-12-26"),
(1, 66, 13, "2019-12-18"),
(3, 35, 25, "2019-12-23"),
(9, 27, 72, "2019-12-25"),
(7, 90, 6, "2019-12-26"),
(5, 70, 89, "2019-12-14"),
(9, 71, 23, "2019-12-27"),
(5, 27, 55, "2019-12-12"),
(3, 44, 87, "2019-12-24"),
(7, 33, 94, "2019-12-23"),
(6, 35, 57, "2019-12-16"),
(7, 49, 10, "2019-12-25"),
(7, 38, 8, "2019-12-24"),
(6, 35, 69, "2019-12-15"),
(6, 46, 52, "2019-12-27"),
(8, 26, 40, "2019-12-20"),
(5, 38, 81, "2019-12-24"),
(1, 70, 48, "2019-12-28"),
(9, 12, 11, "2019-12-27"),
(1, 90, 58, "2019-12-26"),
(2, 88, 8, "2019-12-15"),
(1, 66, 96, "2019-12-19"),
(1, 5, 85, "2019-12-13"),
(7, 95, 15, "2019-12-28"),
(8, 70, 23, "2019-12-18"),
(7, 47, 94, "2019-12-25"),
(5, 17, 11, "2019-12-20"),
(8, 66, 99, "2019-12-16"),
(1, 17, 81, "2019-12-15"),
(5, 95, 92, "2019-12-23"),
(9, 60, 6, "2019-12-17"),
(7, 9, 55, "2019-12-12"),
(9, 34, 72, "2019-12-28"),
(4, 14, 97, "2019-12-23"),
(6, 90, 18, "2019-12-20"),
(3, 62, 45, "2019-12-16"),
(8, 64, 10, "2019-12-27"),
(5, 31, 48, "2019-12-27"),
(1, 44, 40, "2019-12-21"),
(1, 59, 25, "2019-12-12"),
(1, 20, 8, "2019-12-15"),
(5, 76, 36, "2019-12-19"),
(9, 71, 97, "2019-12-12"),
(3, 26, 15, "2019-12-17"),
(9, 9, 54, "2019-12-25"),
(2, 60, 15, "2019-12-13"),
(10, 34, 3, "2019-12-25"),
(6, 33, 61, "2019-12-24"),
(9, 17, 21, "2019-12-14"),
(8, 100, 8, "2019-12-18"),
(7, 47, 69, "2019-12-18"),
(5, 51, 2, "2019-12-16"),
(7, 37, 7, "2019-12-18"),
(8, 74, 96, "2019-12-25"),
(10, 50, 11, "2019-12-23"),
(10, 41, 29, "2019-12-28"),
(2, 66, 89, "2019-12-21"),
(8, 30, 2, "2019-12-14"),
(2, 37, 48, "2019-12-20"),
(1, 44, 85, "2019-12-17"),
(5, 77, 85, "2019-12-25"),
(2, 59, 65, "2019-12-19"),
(5, 70, 7, "2019-12-12"),
(1, 14, 7, "2019-12-27"),
(8, 78, 58, "2019-12-24");
