USE `barbershop_db`;
# Fill table `users`
INSERT INTO `users` (`login`, `password`, `name`, `surname`, `patronymic`, `email`, `phone`, `imagePath`, `role`)
VALUES
("ellenyard", "6OL6PKRsGNtoswrv74rlDe+Xkusiicx+JUs6kC2DhrqRhuwvLQ2EoMFvpnWUhSifaWS6vEVjoQ6F1o3dQkugcA==", "Клеопатра", "Гуркова", "Богдановна", "ellenyard@gmail.com", 261169023488, "webapps/task05WebProject/upload/avatars/83.jpg", 2),
("Brent", "FeLV8+sGInnOHbnyd1S17DnhuyULe15LNOc1Rsd09LGGson/wPaCaOXl7NIxDgvYdZC1xB9U17Cgj+nOdWX06w==", "Варсонофий", "Катревич", "Степанович", "Brent@gmail.com", 956100124203, "webapps/task05WebProject/upload/avatars/81.jpg", 3),
("eased", "d0cJXCwWjAcJ8W6fm+W4TjpekloegjBdKPPXJkDmX7PNVJ5+KxQDQUHB1etG75+hlQs0vnjz8EH9Td5k+9oBQg==", "Модеста", "Украинскийа", "Алексеевна", "eased@gmail.com", 31036692807, "webapps/task05WebProject/upload/avatars/116.jpg", 3),
("hydrofluate", "UZ6/8c8K0QTr8t3CZWH5Wa7U5F5bOp8NFgFKqNmnTuIIxP1U8Zp82IUNS/kziedboKgJsjCLCiRm9EkO7Ns9CA==", "Гелий", "Алексинский", "Северинович", "hydrofluate@gmail.com", 271306805163, "webapps/task05WebProject/upload/avatars/60.jpg", 3),
("ignited", "o8oUnGYT14yr+uzj6/GcZPObjKFV5aOZRyMdCJhSbnN8a7KXw+2qhLcxnsnHRsJ4LiUGziKjsZwYRE5vmBbyxA==", "Агафа", "Мурашкоа", "Тимофеевна", "ignited@gmail.com", 129026981980, "webapps/task05WebProject/upload/avatars/62.jpg", 3),
("folliculous", "5yKt05muCexiaXOIg1B++PdYpF03eePLu06GuYLbDL3YQ4EPX1WwUU/qKSbeI7CvbQjRwRMOfnUZOPwS+s/Ijw==", "Розина", "Иванькова", "Иосифовна", "folliculous@gmail.com", 625689240432, "webapps/task05WebProject/upload/avatars/118.jpg", 3),
("duridine", "FM+2F32GXTuAtnOkZfPQtSRwy0m288GWjALk0lRkbvr8UaA1nB8A0YqCDmRepYK50mvy6KtgGLzRx0rm4xcxaQ==", "Пров", "Клименченко", "Владимирович", "duridine@gmail.com", 140558805666, "webapps/task05WebProject/upload/avatars/67.jpg", 2),
("nunnify", "4ccerhd7ZEqfObxtupQ48+zYNX0DxT7+5lA3Xw8dpHu6SGiQjBwoIo+nClmL9rD45Pqi7ZtYa5aY7czSZyuJbw==", "Альфред", "Баратынскии", "Северинович", "nunnify@gmail.com", 524587788061, "webapps/task05WebProject/upload/avatars/108.jpg", 2),
("archartist", "+ukb7197zVIyxS2xkEXzBbnZyZgC/PP+9Bo9a2nf7ZQdxTPhpM0JiDCGyQFNYw5mYthlKODImul8GHk5sw5S3g==", "Нина", "Чабанова", "Егоровна", "archartist@gmail.com", 438717392689, "webapps/task05WebProject/upload/avatars/109.jpg", 2),
("antisleep", "ry/OkgONQQQPVirLNLauBX9y+LLsfnUrjui7Qncuxt7oYumjKvAQtoe9SAphWv+bTLasWDIcy+CqdV2kPkSneg==", "Янина", "Колмогорова", "Виталиевна", "antisleep@gmail.com", 469245483068, "webapps/task05WebProject/upload/avatars/1.jpg", 3),
("blades", "vjqeXGzCIiELO2OiVF8wQY7EL7srj2s0HQzJGVE3khOLxyKuwkW8N93+f0sE5n+rXjVIJ6al8x5Jw24+sW3/gw==", "Наум", "Авилин", "Антонович", "blades@gmail.com", 449833269312, "webapps/task05WebProject/upload/avatars/99.jpg", 3),
("intendingly", "1AUSEEXp/myijsn8cWviGbR/GSbCKhYjtj6R2+LDlSOU8iRStIf1saMFMKqqIN1SN28rIvJ/m7XzztOprCsj4g==", "Павлин", "Вольских", "Валерьевич", "intendingly@gmail.com", 528535309070, "webapps/task05WebProject/upload/avatars/6.jpg", 3),
("amidide", "t+XXcSQccM0coaofOEEtZxdIzyG/LhGYUE3zUD9Zsq6S4SfooQqtBxD/F0S26j/NiMEku/1s5bxBhkfURHs53A==", "Казимира", "Бескова", "Игоревна", "amidide@gmail.com", 111604128821, "webapps/task05WebProject/upload/avatars/92.jpg", 3),
("infinites", "v2gszkKZd6GQVk2tTDc0Jjc3GQriQwKNuMocKf22nhxL8V4fEWQHXC3ut5IusuVhpihmgXZDwSPZfT+1XiIjtA==", "Орест", "Живоедов", "Вячеславович", "infinites@gmail.com", 363633550057, "webapps/task05WebProject/upload/avatars/12.jpg", 2),
("disputatiousness", "w+KqNJyocvrkVmiqKZ25A8JhECfdj9Xi6oEzgLDIsmUEsKBJC8+uIp2ZgF35b32i5QqaWh0VLbfJksGMdfAzeA==", "Евфимия", "Костюка", "Платоновна", "disputatiousness@gmail.com", 129890927594, "webapps/task05WebProject/upload/avatars/47.jpg", 2),
("andalusite", "CHtmZFehZwvlJC3Fgu5OorveuIPoQlu+rjnFCjFbqAJ1EwPCc1yNtKfe+ClL1FM2dpN7nJckN6DXE+LjIKn+Aw==", "Милослава", "Троценкоа", "Семеновна", "andalusite@gmail.com", 474404019504, "webapps/task05WebProject/upload/avatars/16.jpg", 3),
("coshering", "+gbMe6lB2OpfMRSXMGiUJwxh0/XB9OeS9qiqu6IgKngbDUjSt58amW6b5gPnHc+iLo2WXLEGUcc6AAwgiyhx1A==", "Марья", "Манохина", "Романовна", "coshering@gmail.com", 318212936462, "webapps/task05WebProject/upload/avatars/40.jpg", 3),
("cachectic", "FNYO9qL1aA7rRXQ4vcNhtCjmxXPc8H8wFnwkJaulpYgp2e3mMMDTnOrgTLMSSK7Vj9zwyfO0SH/at//AvGDmdA==", "Фёкла", "Науменкоа", "Даниловна", "cachectic@gmail.com", 979257987127, "webapps/task05WebProject/upload/avatars/68.jpg", 3),
("officious", "XociKx1iv45uqRMmpTC4iIDRHWJON4kXOLjlS2IM8hPh1cRfyaqMSsxJUjhEKOIaGZDL/tR5VLKXSX7V08Vj6A==", "Диомид", "Подосиновиков", "Михайлович", "officious@gmail.com", 632264143647, "webapps/task05WebProject/upload/avatars/37.jpg", 3),
("helotisms", "gRSEXu9q8FIcfBQzs+Dyy1jRztA+f6RxX9ZOWzdOhtobDn8zaOW/ZiQMahmOiwdPliAndMcYv6U4nk1FV93lsQ==", "Евангелина", "Афанаскина", "Григорьевна", "helotisms@gmail.com", 455058569407, "webapps/task05WebProject/upload/avatars/4.jpg", 3),
("immediateness", "hqTmNEgwAa/x9GCV94aT3t0Gmx3ICCNRXoK5k9iLDYiQjlGeuUwkyro0R4qAgsJVwijCGcgF+n3A3zHmpfniaw==", "Савелла", "Стахноа", "Викторовна", "immediateness@gmail.com", 835757158477, "webapps/task05WebProject/upload/avatars/88.jpg", 3),
("Della", "CBnsoSDAlFslq2ltplkZLk69Y/asT+ivebLPCe0MNV48EaMy1tpVSlsuT4s5NjqHpFMdqFi1GmIjZcyJFpKQGw==", "Евстафий", "Шестиперов", "Витальевич", "Della@gmail.com", 165659968058, "webapps/task05WebProject/upload/avatars/105.jpg", 3),
("graphitization_s", "PTJppf9WyPC7Jn849rph1RBnST/jPa9wfdxhq8lJMEb+RMQzotoXUZtp0FDjabfQBe0V+sfmykkTlyFHbp9e+Q==", "Харлампий", "Невечера", "Исаакович", "graphitization_s@gmail.com", 646029153807, "webapps/task05WebProject/upload/avatars/45.jpg", 3),
("baccated", "je9e7t4pDauxz4yENcPiqiXhE9qHnRCeeb+Ibd1D9/6gKB/QtYJG3iR+wm2Nmmqc9paYG1Un3U5vtsgmpFiCzA==", "Минодора", "Алдакова", "Богдановна", "baccated@gmail.com", 918829747648, "webapps/task05WebProject/upload/avatars/106.jpg", 3),
("fomentation", "b6L5Zeo3env2k94q/zwHtTVklBmvgljAs6wYXqgUTxuWKh4AY84nJ4Iplamjiel6c0w4/GzgPIqrdwrha90icQ==", "Млада", "Татьяничева", "Тимофеевна", "fomentation@gmail.com", 621721798315, "webapps/task05WebProject/upload/avatars/58.jpg", 2),
("breek", "UJpH9DAXiqQ3JWiXd1/6s4UEYNm8kA/K4zbrv3ySA+Xo3fvD+HtGNx7gfUiDRpx45uZTjb80UOEK7G1EausOwQ==", "Устиния", "Цыганова", "Сергеевна", "breek@gmail.com", 743641613530, "webapps/task05WebProject/upload/avatars/108.jpg", 2),
("nonattachments", "SA+ZcHWO4ZP10vzoQqskT6g8+pMQDNsCGclzhHTAfZW/KSdpQ+pFpYdbDdvQGSgz1IlqucMrYdmEZV6GmmbUnA==", "Маркеллина", "Сероштана", "Александровна", "nonattachments@gmail.com", 139466329329, "webapps/task05WebProject/upload/avatars/123.jpg", 2),
("neuric", "g4l4x345LrOiXXcw2lshSkqaetTSG01Y4bOUBSrtLOiEjT1uznbZX/qnjuvKJdtbgh8vq6YQ3j5SZRhbZOVGGA==", "Эрнест", "Кащук", "Константинович", "neuric@gmail.com", 661494716171, "webapps/task05WebProject/upload/avatars/94.jpg", 2),
("chorusing", "ifNvwnPGGBfEausRAaQOWsqz5G2V3GbfTpIjGH2tC3McPa/37/qVER0sgyy0zbrOVd2uvAShj1bEPZXml6il0Q==", "Ян", "Ромыш", "Платонович", "chorusing@gmail.com", 486125366931, "webapps/task05WebProject/upload/avatars/81.jpg", 3),
("inner", "VsCogUDc9kcfWvbhgc22l3DnQxslRz1FfPdFLaU2pIHPCKy98qnggXcC4euUszyE0e56CIVp69/JuJAwJOSxHg==", "Бронислав", "Сикушин", "Георгиевич", "inner@gmail.com", 728233241792, "webapps/task05WebProject/upload/avatars/121.jpg", 3),
("masque", "8DSsnUs3JVGDjUSt2ypaHbUzmvzOtIU7zdRj7IcytiWGd/XRKg1AMTN247MX1rXZ9lmjvuK/fiKlV5epjMKgPQ==", "Арий", "Якимихин", "Тарасович", "masque@gmail.com", 937260906263, "webapps/task05WebProject/upload/avatars/4.jpg", 3),
("agricolite", "3WCLwd4+DLvNRD+p7Tin2YCx7bKhXwQ3rfI/HWRQu52Qjo3rNnDptnnZklETkjvto4b6bfRBtHdCD8N4j9tnfQ==", "Илья", "Тамашевский", "Юрьевич", "agricolite@gmail.com", 822046649572, "webapps/task05WebProject/upload/avatars/53.jpg", 2),
("biverbal", "+p5ng9UHCpHnX9MwI8U3xVNi15pDUDW8XG1hayZxVgp69XIXF0cwVdnldRC5rswLxHFi+IbImgn6K5dju9bMpg==", "Мариамна", "Незлобина", "Станиславовна", "biverbal@gmail.com", 252578723824, "webapps/task05WebProject/upload/avatars/0.jpg", 3),
("cogovernor", "W0VpNoQRodyMrti4BOqIht8bfKVgEWMJiZjtExk4ciAEhncw30y9G1AI99Mrrcde9wBT37wxbx/ecd7mj4AgHg==", "Нифонт", "Аркашин", "Палыч", "cogovernor@gmail.com", 608641334878, "webapps/task05WebProject/upload/avatars/99.jpg", 2),
("aglaia", "634FCZmMaOokDnzDoW7de+R051K52X1+twC+z4fUsEpDyYmCqlBLVIBkhW+nJo9AW0OsaQw+2AgjM3KnxGK9zg==", "Нунехия", "Плохотникова", "Геннадиевна", "aglaia@gmail.com", 15996672986, "webapps/task05WebProject/upload/avatars/59.jpg", 2),
("lackadaisically", "lZYaPeDAhYUljifYAuRe3zUn2O428gpzigQe3qJt/9otUF2xuwBGgk9gUbyB3MB2KK2d6xtGb8KyObWZnDNE4w==", "Довмонт", "Ляпидевский", "Павлович", "lackadaisically@gmail.com", 357867953732, "webapps/task05WebProject/upload/avatars/0.jpg", 2),
("marbleising", "k0VwSRNmY3GQGc40dKG8HAY14FyFx34O0CeH2EiNe0xvXv6+WUecqDdl5IPInTWvyIwt7c79gfmBQtD49ZOmqg==", "Севастьяна", "Карпоносова", "Аркадьевна", "marbleising@gmail.com", 636014572348, "webapps/task05WebProject/upload/avatars/108.jpg", 2),
("cornroot", "hDq2tYSIrfvtpgG1BebqChr0a0TzD01W1dS3E0rvkiOSq4JjU1MUmqXcr2V0d3dPCVdi/qsyK2bVkcEV76olvg==", "Богдан", "Раздьяконов", "Эдуардович", "cornroot@gmail.com", 263602055339, "webapps/task05WebProject/upload/avatars/71.jpg", 3),
("amercement", "b7gyCGFwrU6zYkF/wMzPTIKCaBaSM9zw1AWqs13Udp1hbrmQWcc+HOl6KPPEqqW+48QUXXphhADLTowi6AU/Vw==", "Роберт", "Анхимов", "Вячеславович", "amercement@gmail.com", 178306397314, "webapps/task05WebProject/upload/avatars/87.jpg", 2),
("atmos", "xJr7lW7YWXw/WPusEFUc2rtbg20DmW/YcmYSO+RWO6CnYtjwjSZcy8O4msFpiEudY/HzVv+HciiOZAClArkAeg==", "Клавдий", "Кошенин", "Саныч", "atmos@gmail.com", 777914717336, "webapps/task05WebProject/upload/avatars/86.jpg", 2),
("chitchatty", "n+sfOULtAIiVVjrV7bNT9r+4+uAdCSkGPOQaQ/jkPRJeFwEmUF9vZQf7dtvxzGDKGfnTmAwQpQ2MC0pm6n3SlA==", "Иродион", "Сырков", "Игоревич", "chitchatty@gmail.com", 791104269641, "webapps/task05WebProject/upload/avatars/55.jpg", 2),
("apterygiformes", "e5TsaHbTpKDNDXbSR4LwUkMDgepYBTdJWGYs/Af7hw31zVOSIpC9HAPBb2kBsZBmMbyOufXtWSqJleHPzJQyYA==", "Досифей", "Семиселов", "Феликсович", "apterygiformes@gmail.com", 680402127270, "webapps/task05WebProject/upload/avatars/59.jpg", 3),
("hassocks", "h44aQ5ZsQGEG9XIDdqSU9nL3Yd2Glf+LjF0hQn9PWvtRlx+pyRZ2C+XnDxQblcG49QyBm+5oEQoYeQBbRkcYhg==", "Зара", "Ганусова", "Тимофеевна", "hassocks@gmail.com", 545687746431, "webapps/task05WebProject/upload/avatars/103.jpg", 3),
("blites", "1LrFmVhEtnHAZqL3Ra+fjuxLQxLna2ZQKa+PvYGQJxojkiDXBgnwUmBZ88EcdcByL36L2sQIVlknQk78YzWEyQ==", "Серапион", "Бурдаков", "Федорович", "blites@gmail.com", 24438944979, "webapps/task05WebProject/upload/avatars/48.jpg", 2),
("asteriated", "RzF2hKJCPlhb+h9IvH30JguYuHszh8q3H8z0Zt8LvU3gFe8HDChcL+Wam8tDwwEK8eIK3EaZDu3cKR3cJaIWUQ==", "Агнесса", "Ждановича", "Валентиновна", "asteriated@gmail.com", 854761808435, "webapps/task05WebProject/upload/avatars/108.jpg", 3),
("maceration", "TSgnUlPyEz/zURmNPwfvam1j6XiJz1yTJ3gSJiT/I6yNaBG9qbTZR8qQ2GVKgpNJvDkz6kLkpkpyAgZH/sL6gw==", "Сильвия", "Енина", "Васильевна", "maceration@gmail.com", 129044542544, "webapps/task05WebProject/upload/avatars/1.jpg", 3),
("hijacker", "f4jZodL6pNdewxmeGzOiSbqN1zKgrh/Uw9a2RGwNj2qmzAUt5EaG3SGVvbBWr/QiolGJMyyd9Ox3awXrcyddew==", "Феофил", "Житов", "Бедросович", "hijacker@gmail.com", 84695404315, "webapps/task05WebProject/upload/avatars/43.jpg", 3),
("megacolon", "TdGPKZRMqCDeG/HjLgSuMGTZwRSUjKd5jYU9rLjAaji9b5VDOYJsPCimKgSo0p7BrvhK71/Fffjti5wMJ5j2Ww==", "Евдоким", "Варлыгин", "Григорьевич", "megacolon@gmail.com", 920152796330, "webapps/task05WebProject/upload/avatars/77.jpg", 2),
("mincing", "VvQik29c6eG+02wSCDefLpnFxvP5TnPJNe5BIxljr3swg4LLjcO70E6b5GCzCIfX904VVWrdzWDkimPLdTwCGA==", "Лина", "Тринитатина", "Викторовна", "mincing@gmail.com", 701251574680, "webapps/task05WebProject/upload/avatars/8.jpg", 3),
("fistulose", "GdMKXyK9QyQH7BkSQ+Gk/OON933oS3QrovYxgDypyFh2xGioQWHllzUbK1nuraF4SFzmBgHBYlUtNjsyzdCtdQ==", "Тертий", "Богданович", "Ефимович", "fistulose@gmail.com", 561688974614, "webapps/task05WebProject/upload/avatars/28.jpg", 2),
("homy", "h3Z4zseUaslXsYVVRx6V+JxhnAxUeCsvTqxiWDwHvtc5iJk3rg7+TsFHSL2+2TvtPgzq2fXZBY5jPavZ6kPmMg==", "Олимпий", "Чернев", "Антонович", "homy@gmail.com", 127112306027, "webapps/task05WebProject/upload/avatars/85.jpg", 3),
("depilators", "X9iKMj6U2Uh3AiVIYyeeBqE1HEQKukuZjF9uj70UP33SOIl1Obt07jZFelBRCtrtXOxSLb6jNqMo49ZQasHVVA==", "Снежана", "Тельныха", "Леонидовна", "depilators@gmail.com", 160560472648, "webapps/task05WebProject/upload/avatars/64.jpg", 2),
("interdifferentiation", "MlsELa0s+GhAZJTzDJEc1fbbVp9CGo6sm4bn07/dVfAfnFZhpyeBK7VEU1j8yctJaVC6VsjFl7FsgV8M3Jg+hg==", "Аврелия", "Полевщикова", "Станиславовна", "interdifferentiation@gmail.com", 659711212413, "webapps/task05WebProject/upload/avatars/30.jpg", 2),
("disprovers", "45Cu6I5vtph8dd7UUhvwR7H1kzeY36fBfhMPzPmQYN3IAdWBZeiqpvKospdcPh4k+NihH67YOl1C9Vspnkqv5w==", "Ия", "Экземплярскийа", "Леонидовна", "disprovers@gmail.com", 420838997031, "webapps/task05WebProject/upload/avatars/72.jpg", 2),
("illium", "p6MGTe92rpYLLNtr3MhonmtpahqZOcWWMm0rAFNI+X2Hj9KkAoeQklZDOhA4T3o4tJs+M89co1hHEB1pWNSg6w==", "Милия", "Мокешина", "Филипповна", "illium@gmail.com", 559826498402, "webapps/task05WebProject/upload/avatars/114.jpg", 3),
("dulse", "hVub1hxmzUK6qaxZ3w7Z6t+hBzEatoNbcYyIULWPidhghcQBG+WCxA7NSFvA5h9rbBEFmLkjrK3tk2D8c2bdxw==", "Трифилий", "Гребенев", "Степанович", "dulse@gmail.com", 728851044976, "webapps/task05WebProject/upload/avatars/35.jpg", 2),
("autophytograph", "UnyEpIma9s0iXH8X9qbZzVIzsnkz9F2Rw97dVa6MfcM/Nzfb9w7x7w1VWDE9FoYRhbzBY1ALmU+OQ1RpKe+U+Q==", "Элла", "Салмина", "Тимофеевна", "autophytograph@gmail.com", 247011157400, "webapps/task05WebProject/upload/avatars/111.jpg", 3),
("adventitia", "vDZocNZuBjZI590usRUmxgUlvAmfepfjrwYUrihERwIK8teRVOBSfjyxwGAEs8ytO3SvYEXYnlQifiEjuf4Apw==", "Лота", "Бондарева", "Эдуардовна", "adventitia@gmail.com", 783239641350, "webapps/task05WebProject/upload/avatars/40.jpg", 2),
("horridest", "Ef7RP6B3POpw1dRixjxT16QOfD511m7GfpDjTUNywa/+2mZBtRt0eBijY0A9eM0VLR52hOgXKi2DEMJ4uY/HLA==", "Нефёд", "Кутепов", "Федорович", "horridest@gmail.com", 906369150628, "webapps/task05WebProject/upload/avatars/88.jpg", 3),
("mosul", "cRbB3ql7mmhj3NvMdJMCh9KRfBkABrO+X74AfgHDPFMOr8BJihqOSc7WhvXy3LlJq9nZPpC3sLVoXb5tQCSdMA==", "Кондрат", "Лисовский", "Егорович", "mosul@gmail.com", 308361469344, "webapps/task05WebProject/upload/avatars/68.jpg", 2),
("demoid", "lbbH8YvNuWkXQ4PlNb1ABwYL8dgYjxw8ytSxEUSQFIeZBGDtLbnyMelqUhMwkYD/7sp5R/xSqqif2TS2Hgof5A==", "Леопольд", "Васькин", "Валерьевич", "demoid@gmail.com", 724063369961, "webapps/task05WebProject/upload/avatars/106.jpg", 2),
("egeria", "Uh95SvCi5Ihgl/I8UFYO5kHKCAJtEFY76rFDg1v4bmQwu0dqnXhkrBalb8W4jKTzpfaaZz8nudSjHqlNWR6W3g==", "Мина", "Брянцев", "Дмитриевич", "egeria@gmail.com", 374218098578, "webapps/task05WebProject/upload/avatars/83.jpg", 2),
("intersperse", "cfKnFnRXmXTEcSk8hHfIm/KagqfGpZe9S6Kk6cRDgadr4SSMIVcKVo08/0W5hmKqOhpLnhG8svFypXHTvsmMgA==", "Вилен", "Пахоменко", "Иосифович", "intersperse@gmail.com", 102951571098, "webapps/task05WebProject/upload/avatars/33.jpg", 2),
("Jena", "2mSt4Hlr4TjPT+WFq00iSsCZ/VInlS0Hmzzr6IEfzAmVlRAguuCzhQgF3WNTupc+51o0mt9sAuqIZWTuSZ2BgA==", "Кир", "Вакула", "Владимирович", "Jena@gmail.com", 790300784173, "webapps/task05WebProject/upload/avatars/66.jpg", 2),
("cataloguing", "b/SGb+idIUbg3cMufhfm7ZFi2BvybF4vlz/+7BD4KK19EMMHIlBvOAhyDl5RV63WqYxE0bu8vliZrljJN93KjQ==", "Герман", "Можаев", "Егорович", "cataloguing@gmail.com", 268661933058, "webapps/task05WebProject/upload/avatars/64.jpg", 2),
("cartels", "mRlStY0/IjlQI1cCdk79QRE9kJozAB8CLlkxCPxrKAhsMZDnGH3z9qHiVbvcbbFNFgVJrkBHZZ2eicMmYsKcwA==", "Евлампия", "Голубовича", "Даниловна", "cartels@gmail.com", 756766108312, "webapps/task05WebProject/upload/avatars/121.jpg", 2),
("nuptial", "3JjupF1/NUz38/5Jia7z8kExio5ZKhD+DzGMxHcFfUNd26LUT0z7i5hLP8GckN3K+CzkYsQSpdrTRoiZlKQT3g==", "Фомаида", "Выжлецова", "Викторовна", "nuptial@gmail.com", 892434530349, "webapps/task05WebProject/upload/avatars/36.jpg", 3),
("gawkihood", "iJZMl2+o7teE+nwuJ8M0/hCL1B9DoysccPE3NXdQv3b0GqM6r4Fsz/vVSu3kRCZ/INEZitxeWWnZ29TA5IxUSw==", "Кантидиан", "Чавуский", "Семенович", "gawkihood@gmail.com", 528720375979, "webapps/task05WebProject/upload/avatars/41.jpg", 2),
("fortifications", "vUIl1Fd8UxonZ26TBODSMXdXp+3NuabuSGq3drZJ6VaYOZaFUjMO4pK6xBfPDqbXg1BVAny5xXnBVLyKwJCr7w==", "Градислава", "Бобылева", "Филипповна", "fortifications@gmail.com", 627844459295, "webapps/task05WebProject/upload/avatars/66.jpg", 2),
("nonliterates", "pzUmpCKQ4mabS45zNbnWJY2qzr0k8HhIc3wd/sJJ90b+G3HHr1RX9PDVCU71uFSJ1GmP/scDQnDRno9xpuTWMQ==", "Калиса", "Караваева", "Георгиевна", "nonliterates@gmail.com", 418376935164, "webapps/task05WebProject/upload/avatars/123.jpg", 3),
("joiners", "Zgmdg26z6XRDMw+nOJjhjJ6v5lSwdC0aN3bWTT5nvvx7i5BDHYJS2p3nIaYFLV2aZuthQr3wicocHyA6UzAbeQ==", "Авдотья", "Китаева", "Даниловна", "joiners@gmail.com", 386634265825, "webapps/task05WebProject/upload/avatars/117.jpg", 3),
("doughnuttery", "k2ZRzztRjJ1CIPc8+DubImmpYpKafF3g/68+kKT1el5qZ5OT/N1d7IcgclcOsyr9UQYjl/6RP+JWt6VYmIPq9Q==", "Венедикт", "Орданский", "Филиппович", "doughnuttery@gmail.com", 663514561631, "webapps/task05WebProject/upload/avatars/60.jpg", 3),
("metaphrastic", "YWA3Q2H+WZLfB6fN4N7ka1SB9JmZMjBx4LBDn0afAUdk1ubPU8WOoD/4/+WB5lVaKM2TtsPiY+V7F4KzWsSYog==", "Денесия", "Сизикова", "Эдуардовна", "metaphrastic@gmail.com", 526863700262, "webapps/task05WebProject/upload/avatars/105.jpg", 3),
("interrogees", "45lUk40H2VSaroTdq0KmtdZwhNsQZIIJlrgep1lw/G27uTB8DLQiUUz14EeS8GezHnFeRanPUoZB4iOht+xJZQ==", "Евника", "Саранаа", "Иосифовна", "interrogees@gmail.com", 100532063427, "webapps/task05WebProject/upload/avatars/47.jpg", 3),
("enneads", "V9IxM86t9KQGiYYCxv0vvCI0FBoEZqFOYkCOTfdxaz6rkfcvjSA3C9VR5F5mgRTcN+tEoPoPLyLDX/zlFk4w2w==", "Альфред", "Утехин", "Степанович", "enneads@gmail.com", 969985552172, "webapps/task05WebProject/upload/avatars/49.jpg", 2),
("conversions", "vd1Om9is9g26uEn5N9Hx5s+WokpVJeYi0c7HxM25mNmlvztm+8nvf+gj7IrsGEjJNgGMFp3YkBEgEVm7ZyFNrQ==", "Устиния", "Старосельскийа", "Ярославовна", "conversions@gmail.com", 965856327410, "webapps/task05WebProject/upload/avatars/83.jpg", 3),
("libecchio", "M3qyJi6jXRbvv/4LgIZk1+CxpzaAUhzuCpdwVHSTcOgSoer6awLq28Nt4TARF6FaZmVY0Q66Ucbs+3ODVWm7TA==", "Ада", "Сидоровича", "Петровна", "libecchio@gmail.com", 229245703121, "webapps/task05WebProject/upload/avatars/31.jpg", 2),
("crutch", "288TfEQGQXqb/aLUbK5jhgSeQ5GVEk70lOEaYhqHujn9+Shxv8tMnK+sZhZJjKdrcecUo4PmUOBU0pD/0hXS0w==", "Евсевия", "Бабаченкоа", "Леонидовна", "crutch@gmail.com", 510242900950, "webapps/task05WebProject/upload/avatars/111.jpg", 2),
("cardsharper", "tlFvVOubz16xL/XCzCLnmLt11UwzU76CAl93qNU/mkW9vqshmYSgy9RWGi6Ny28mBnOX58LhwXa6qXusITrp2w==", "Аврелиан", "Краснокутский", "Григорьевич", "cardsharper@gmail.com", 170089226368, "webapps/task05WebProject/upload/avatars/23.jpg", 2),
("knuckleheaded", "HlQOl+bL9jPm3Rf2bQ4NTUY4KEhS9SvcXmqihJv8uW9Y/T6XdqeoAey+yvmMpcMWhe4rIrwCC0SL+crwclnNaQ==", "Фетинья", "Воротилина", "Аркадьевна", "knuckleheaded@gmail.com", 8861916718, "webapps/task05WebProject/upload/avatars/110.jpg", 3),
("homerologist", "coxwXOzcn4CbdLQ+WFk8ZNsIV1Nkz9beaYXBrT3Q7eRrkuGGVV1zUca3TXvLEkjzsEyppXts5vlZM4h9jTy4fQ==", "Терентий", "Балахонкин", "Робертович", "homerologist@gmail.com", 688019168230, "webapps/task05WebProject/upload/avatars/23.jpg", 2),
("mesatiskelic", "ISUBVFDXKql51GnAHbzF+ne5AQruR7xjmbhbo0pjVSosxrkimyXxvWt1p2Mr+WqkRffqLWbkP1x88u67O1zFWg==", "Ленина", "Явлашкина", "Дмитриевна", "mesatiskelic@gmail.com", 761227143483, "webapps/task05WebProject/upload/avatars/23.jpg", 3),
("ariana", "Mrbh8WoR4QBa05y+RVKOVI4Cx4m4mhcbqapgeisssp4/6LHUdgA89URinw+qDds9WPWvk04PGY8M0cDf1bUFpQ==", "Северьян", "Демичев", "Витальевич", "ariana@gmail.com", 954384578809, "webapps/task05WebProject/upload/avatars/71.jpg", 2),
("glimmery", "7TJxFDpTeW/yVgxpEC7aHHvh3lU1IYLsf7EojcxqjXcME+RqFOdyqmWOcoCB32gOUSb5o96dvBHhRMWaIjBZgw==", "Святослава", "Бадашкина", "Дмитриевна", "glimmery@gmail.com", 658839275912, "webapps/task05WebProject/upload/avatars/26.jpg", 3),
("fingerfish", "C06XdnQ/GzJdb/gIVcLWYB6K6W2jm35Elo6bnXP7YqLnExgZEC53XJ9e54mrWWTpA4xbrUStitF+43Ioxhc1KA==", "Лада", "Алтынова", "Аркадьевна", "fingerfish@gmail.com", 855454823208, "webapps/task05WebProject/upload/avatars/39.jpg", 2),
("developability", "7sKh7HvsEUj/kbSd3kLLnr2XmKsn7c87dk4sCEvcc+ygm56kteXfOfDr6A3jkOfYrD8DxJucCJtfO8qoJNfX3A==", "Злата", "Первушкина", "Александровна", "developability@gmail.com", 843508706311, "webapps/task05WebProject/upload/avatars/78.jpg", 2),
("handiest", "KvsO6vcOk0rZWFLvubYALh3xk6ETWV04igiiZVgYn1yuj1mYSXsabpeNb6SCEhKOdQ71DB9PIdn0MfBZgrDH0g==", "София", "Просвирнова", "Егоровна", "handiest@gmail.com", 437156953219, "webapps/task05WebProject/upload/avatars/72.jpg", 3),
("flageolet", "nToEyLrG4rFH/yYd1+sSM9JiN2ZQgEH0SgWyvhtYlstzqvsI/2rGTGRxrxwENypsdA4P2PjqMxOBcnJjYUgMrA==", "Людмила", "Андронникова", "Станиславовна", "flageolet@gmail.com", 152291331255, "webapps/task05WebProject/upload/avatars/31.jpg", 3),
("floosy", "oOiB9Z06h8Bd5rWwmrhPgfMd/q3foxwxiYbI9NO8dOLFX7kLXR/PS5JkRJxT0pvSDQIvwpUrLmerq3HWjf95GQ==", "Юдифь", "Лихова", "Платоновна", "floosy@gmail.com", 398350281199, "webapps/task05WebProject/upload/avatars/40.jpg", 3),
("gegenschein", "nqE95zZkDoe22pXv1+/gBxN/wfHxH0XOoQMlgYeRPd2LbsiIUhC4cXZlsyoMUOV1osnR8V1Qq/oeddMXmaYGcQ==", "Наталья", "Дураковскийа", "Васильевна", "gegenschein@gmail.com", 563887032567, "webapps/task05WebProject/upload/avatars/11.jpg", 2),
("afrikaans", "bdjvoEYf/Y+ApKt84CVq5y4y3N7r2nkq/0Xj4HCXyTkV4veEUNHWjNYxNLPZvc7QLSeKUgFcvFSAEu9tyLGS/g==", "Изот", "Изъединов", "Александрович", "afrikaans@gmail.com", 782164804219, "webapps/task05WebProject/upload/avatars/123.jpg", 3),
("Gee", "rVENWKHjh3V2DTHaJPM3+S5emUwkCn2sIF57kM72oY/+sMtkFTelXAfYgP29mOJ6OjYpRueyErA0sqyv0qhwKw==", "Эльвира", "Недбаева", "Геннадиевна", "Gee@gmail.com", 940316571440, "webapps/task05WebProject/upload/avatars/2.jpg", 3),
("luckful", "uvmpDk05IX6OzVkhKPIo7egPliG4djKVTzXQ4urzDz77JNdV3zN6xSdvqmqZC9eEqIWMBWX6AGZ5TSGpU+K/GA==", "Потап", "", "Егорович", "luckful@gmail.com", 885803709290, "webapps/task05WebProject/upload/avatars/82.jpg", 3),
("noncorrespondent", "ADnBygAC0Wi2AO76G02y5NULeQ0UlkMsHcDXZDehbAhnOfNqlBMVkcY1Ssqpfbx6UWlq/qBuUoSsuzgAiJ2LXA==", "Амфилохий", "Шихматов", "Феликсович", "noncorrespondent@gmail.com", 987011493426, "webapps/task05WebProject/upload/avatars/87.jpg", 2),
("breechcloths", "AsaQg9CH7wW3DI5CQyePxSnpODREHpLRzZAFxpNVhV+8FKoH0ieqQB9qDqTcLf49d0Htdv7AZ45Anj6yHyDMkQ==", "Агапа", "Водолагина", "Робертовна", "breechcloths@gmail.com", 234352248325, "webapps/task05WebProject/upload/avatars/86.jpg", 2),
("nudd", "JmZmc8BCLUWORdLkEmUe/41TAiyqyDX+II0v7za1/OJQKQF0/Fp8sfTCN8UUhTLH+b2ZIk2DfNiBJa+dI0Zjfg==", "Оливия", "Базанина", "Ивановна", "nudd@gmail.com", 965326180890, "webapps/task05WebProject/upload/avatars/33.jpg", 2),
("cancerism", "Gb+kbWs2UmYRUlw/IO9ovF2+3r1Vjgo3tH8yoF+pPlZ88QrXlUAJBysxmtIPI/cux8LWFzyP7ghVZqvhbSxkaA==", "Дементий", "Елахов", "Богданович", "cancerism@gmail.com", 858439385808, "webapps/task05WebProject/upload/avatars/74.jpg", 2),
("listenable", "4dSEzqxPUIelOyJp9KbVTK76UD/cCjVhLHa3OGwkVQ0XfL2cJ8nrwjm4cjjsNhHrYwHG8wkx+r111oGTe2bElQ==", "Созонт", "Голубейко", "Валентинович", "listenable@gmail.com", 313884742599, "webapps/task05WebProject/upload/avatars/87.jpg", 2),
("azoles", "ebKj4LaZ92slKiAoQDlt+EGqVQ+rjlSsq3QSd3uKFib02LQ8xuzZcwKlelJmExLePyVUsPOKoA4Ymk/z3g5uvA==", "Ифигения", "Разгонова", "Николаевна", "azoles@gmail.com", 571657405034, "webapps/task05WebProject/upload/avatars/121.jpg", 2),
("hawsehole", "JosNgXiQ2wIqH7wLLKC8MDDweqsHcY3KbXx8NkBH1dGcJAfa370D+BZJPN7RdhFrpRP/Rj2f6jjnoVvN5FPM+g==", "Селестина", "Андрийчука", "Викторовна", "hawsehole@gmail.com", 319038744081, "webapps/task05WebProject/upload/avatars/123.jpg", 2);

# Fill table `employees`
INSERT INTO `employees` (`employee_id`, `experience`)
VALUES
(2, "1970-01-01"),
(8, "1970-01-01"),
(9, "1970-01-01"),
(10, "1970-01-01"),
(15, "1970-01-01"),
(16, "1970-01-01"),
(26, "1970-01-01"),
(27, "1970-01-01"),
(28, "1970-01-01"),
(29, "1970-01-01"),
(33, "1970-01-01"),
(35, "1970-01-01"),
(36, "1970-01-01"),
(37, "1970-01-01"),
(38, "1970-01-01"),
(40, "1970-01-01"),
(41, "1970-01-01"),
(42, "1970-01-01"),
(45, "1970-01-01"),
(49, "1970-01-01"),
(51, "1970-01-01"),
(53, "1970-01-01"),
(54, "1970-01-01"),
(55, "1970-01-01"),
(57, "1970-01-01"),
(59, "1970-01-01"),
(61, "1970-01-01"),
(62, "1970-01-01"),
(63, "1970-01-01"),
(64, "1970-01-01"),
(65, "1970-01-01"),
(66, "1970-01-01"),
(67, "1970-01-01"),
(69, "1970-01-01"),
(70, "1970-01-01"),
(76, "1970-01-01"),
(78, "1970-01-01"),
(79, "1970-01-01"),
(80, "1970-01-01"),
(82, "1970-01-01"),
(84, "1970-01-01"),
(86, "1970-01-01"),
(87, "1970-01-01"),
(91, "1970-01-01"),
(95, "1970-01-01"),
(96, "1970-01-01"),
(97, "1970-01-01"),
(98, "1970-01-01"),
(99, "1970-01-01"),
(100, "1970-01-01"),
(101, "1970-01-01");

# Fill table `offers`
INSERT INTO `offers` (`name`, `description`, `imagePath`, `price`, `period`, `isMain`, `isShow`)
VALUES
("Традиционная<br\>стрижка", "Эта классическая традиционная услуга идеально подходит,<br/>если вы хотите, чтобы ваши волосы были подстрижены правильно.<br/>Наши парикмахеры будут рады помочь вам с этим.<br/>Мытьё волос. Стрижка машинкой. Укладка волос.", "/upload/admin/service/traditional-haircut.png", 25, 25, 1, 1),
("Бритьё<br\>бороды", "Бритьё бороды - одна из наших самых популярных услуг.<br/>Это необходимость для всех мужчин,<br/>которые хотят иметь бороду, которая выглядит потрясающе.<br/>Распаривание кожного покрова лица. Бритьё шаветкой.", "/upload/admin/service/beard-shave.png", 40, 60, 1, 1),
("Подравнивание<br\>усов", "Усы - это классический выбор мужчин,<br>и они никогда не выйдут из моды надолго.<br>С нами вы можете сохранить свои усы ухоженными.<br/>Подравнивание усов. Укладка.", "/upload/admin/service/mustache-trim.png", 30, 45, 1, 1),
("Подравнивание<br\>бороды", "Все хорошо знаю, что борода придаёт брутальности лицу.<br/>Чтобы ваша борода смотрелась аккуратно,<br/>за ней нужен уход, именно поэтому мы предлагаем данную услугу.<br/>Придание формы бороде шаветкой. Укладка бороды.", "/upload/admin/service/beard-trim.png", 25, 30, 1, 1),
("Рисунок на волосах", "Стрижка волос согласно трафарету.", "/upload/admin/service/hair-draw.png", 55, 90, 0, 1),
("Афрокосички", "Мытьё волос. Заплетание косичек.", "/upload/admin/service/afro-braids.png", 150, 90, 0, 1),
("Покраска бороды", "Мытьё, окрашивание волос бороды.", "/upload/admin/service/beard-paint.png", 45, 75, 0, 1),
("Пробор/Окантовка", "Придание формы причёске.", "/upload/admin/service/part-edge.png", 10, 20, 0, 1),
("Укладка", "Укладка волос.", "/upload/admin/service/styling.png", 10, 15, 0, 1),
("Тонирование бороды", "Мытье, окрашивание, укладка бороды.", "/upload/admin/service/beard-tint.png", 35, 40, 0, 1);

# Fill table `reservations`
INSERT INTO `reservations` (`offer_id`, `customer_id`, `employee_id`, `date`)
VALUES
(6, 92, 37, "1970-01-01"),
(3, 52, 37, "1970-01-01"),
(2, 22, 100, "1970-01-01"),
(2, 88, 8, "1970-01-01"),
(9, 83, 28, "1970-01-01"),
(9, 58, 40, "1970-01-01"),
(7, 43, 33, "1970-01-01"),
(6, 30, 9, "1970-01-01"),
(5, 21, 61, "1970-01-01"),
(3, 13, 15, "1970-01-01"),
(2, 90, 54, "1970-01-01"),
(5, 5, 65, "1970-01-01"),
(9, 25, 86, "1970-01-01"),
(7, 11, 42, "1970-01-01"),
(2, 5, 8, "1970-01-01"),
(2, 24, 70, "1970-01-01"),
(1, 19, 62, "1970-01-01"),
(7, 3, 49, "1970-01-01"),
(3, 13, 69, "1970-01-01"),
(3, 7, 33, "1970-01-01"),
(7, 81, 35, "1970-01-01"),
(1, 88, 42, "1970-01-01"),
(4, 30, 37, "1970-01-01"),
(3, 39, 99, "1970-01-01"),
(8, 14, 45, "1970-01-01"),
(3, 46, 10, "1970-01-01"),
(10, 23, 28, "1970-01-01"),
(7, 88, 2, "1970-01-01"),
(4, 75, 76, "1970-01-01"),
(4, 3, 49, "1970-01-01"),
(8, 19, 9, "1970-01-01"),
(9, 44, 8, "1970-01-01"),
(10, 94, 42, "1970-01-01"),
(1, 6, 63, "1970-01-01"),
(6, 92, 63, "1970-01-01"),
(10, 73, 33, "1970-01-01"),
(10, 7, 36, "1970-01-01"),
(7, 30, 8, "1970-01-01"),
(5, 85, 8, "1970-01-01"),
(7, 25, 10, "1970-01-01"),
(3, 60, 16, "1970-01-01"),
(7, 18, 27, "1970-01-01"),
(5, 71, 78, "1970-01-01"),
(5, 92, 51, "1970-01-01"),
(7, 23, 86, "1970-01-01"),
(9, 50, 91, "1970-01-01"),
(8, 31, 29, "1970-01-01"),
(10, 3, 40, "1970-01-01"),
(1, 6, 76, "1970-01-01"),
(6, 3, 65, "1970-01-01"),
(10, 21, 42, "1970-01-01"),
(1, 5, 41, "1970-01-01"),
(9, 88, 16, "1970-01-01"),
(9, 52, 15, "1970-01-01"),
(10, 3, 69, "1970-01-01"),
(4, 11, 99, "1970-01-01"),
(7, 34, 28, "1970-01-01"),
(9, 48, 40, "1970-01-01"),
(6, 60, 82, "1970-01-01"),
(1, 46, 49, "1970-01-01"),
(3, 21, 29, "1970-01-01"),
(6, 3, 61, "1970-01-01"),
(5, 48, 9, "1970-01-01"),
(5, 5, 8, "1970-01-01"),
(7, 13, 57, "1970-01-01"),
(4, 83, 64, "1970-01-01"),
(5, 23, 37, "1970-01-01"),
(10, 18, 35, "1970-01-01"),
(7, 7, 51, "1970-01-01"),
(10, 21, 29, "1970-01-01"),
(5, 85, 70, "1970-01-01"),
(9, 22, 84, "1970-01-01"),
(3, 68, 97, "1970-01-01"),
(6, 21, 28, "1970-01-01"),
(9, 85, 70, "1970-01-01"),
(6, 17, 87, "1970-01-01"),
(4, 81, 51, "1970-01-01"),
(5, 77, 49, "1970-01-01"),
(3, 22, 35, "1970-01-01"),
(7, 73, 96, "1970-01-01"),
(6, 6, 8, "1970-01-01"),
(6, 5, 59, "1970-01-01"),
(8, 89, 37, "1970-01-01"),
(6, 85, 80, "1970-01-01"),
(1, 31, 41, "1970-01-01"),
(5, 5, 70, "1970-01-01"),
(1, 89, 87, "1970-01-01"),
(6, 71, 87, "1970-01-01"),
(6, 11, 45, "1970-01-01"),
(4, 11, 36, "1970-01-01"),
(6, 88, 61, "1970-01-01"),
(5, 52, 27, "1970-01-01"),
(5, 50, 95, "1970-01-01"),
(4, 50, 63, "1970-01-01"),
(2, 83, 98, "1970-01-01"),
(4, 24, 28, "1970-01-01"),
(4, 73, 40, "1970-01-01"),
(7, 7, 61, "1970-01-01"),
(5, 43, 8, "1970-01-01"),
(8, 56, 91, "1970-01-01");
