USE `barbershop_db`;
# Fill table `users`
INSERT INTO `users` (`login`, `password`, `name`, `surname`, `patronymic`, `email`, `phone`, `image_path`, `role`)
VALUES
("heathenishly", "mOEJoLscIZt0OP75cMhcJW3octXzUkYkbYsvaLxwT01KA77pXtsiqxglxw89TubWklQwV7qqaH/rLQGtadPA9Q==", "Аэлита", "Дядюна", "Антоновна", "heathenishly@gmail.com", 834163002974, "/upload/avatars/86.jpg", 2),
("distilleries", "AFv+OB56mrkLBQucD3yhNJjhOP4TJMDasq7egpW473CqAwLDa4cnItyg7Y5b2rDjwCRAOEGBAAUcCgzXIjMI9w==", "Зарина", "Касумова", "Сергеевна", "distilleries@gmail.com", 166333125085, "/upload/avatars/77.jpg", 3),
("backlogged", "gUlcAbfw33IMOSnZhDAI7GRpSWbuKq4aEfRU7o5AyjPXi/NfeZvlOg4Nph0dc4Lpzno8puuVj8dvxAiqxYgYJA==", "Дормидбнт", "Бегичев", "Сергеевич", "backlogged@gmail.com", 296663689366, "/upload/avatars/43.jpg", 2),
("impling", "MFyfix8syvQlWE6l1XzFNDHaJq3u5SaUqeU8wJFPBZjdAWgIMfYjN+tPlycGQ4QcJEStomUZojgD+wsIlR6bYQ==", "Иринарх", "Скржипковский", "Олегович", "impling@gmail.com", 150398861489, "/upload/avatars/4.jpg", 3),
("embowels", "Mu+Fe5ds1kD2ti5CFzqXtnpeM4GDowL1z/M9TtgvRyuJ4iHLyFomC5a2Wmnq3I6mMkgEp25idkVJcdMrA3/A4A==", "Аргентея", "Синеокийа", "Филипповна", "embowels@gmail.com", 278313978880, "/upload/avatars/94.jpg", 3),
("bunolophodont", "H32uML5+h9WJ7KMSSkaPKmLmMi7P+tvVGtEwptLhm6Y1tykHBcf59l/+Nqgmc87MNlR7jaV8Ufix3Rpm8Tpjbg==", "Ипполита", "Пахорукова", "Александровна", "bunolophodont@gmail.com", 615392533974, "/upload/avatars/88.jpg", 2),
("mischarges", "0FYNlTAN7fuW2k1q+HNebhlVu4W1TYjVttLmH1Sz/P5gnb9n/oAHmnITMhQnA+8D/EFD64+3I/u+53/EAWgv5Q==", "Тигрий", "Фоняков", "Иванович", "mischarges@gmail.com", 317178390465, "/upload/avatars/35.jpg", 2),
("dumbly", "qz+DVgIKp7QG35Gz1/h7+p7aM8g6zfeet/vVLrygfEQnW5HzGhbrlJQGPX8V/kbLXOqVQDns3Zu7TPsTu+m8tA==", "Гремислав", "Шиманский", "Игоревич", "dumbly@gmail.com", 779306690623, "/upload/avatars/44.jpg", 2),
("kidnaping", "h8RlJiRCPz03Qy45kpi5QlFuTyhBzpMxHvYQsdbF5e6c+NAg4OX9ZvvG5leTXiPQBUS9oiTWQ4gRlcDJkUnIJQ==", "Иероним", "Палечек", "Исаакович", "kidnaping@gmail.com", 195966438414, "/upload/avatars/55.jpg", 2),
("galoshes", "Yq7qHEs8CfyTcCKXoXKqfZSHZAHfX0xiDJ4MaffpJXm72WV+O3npffSPB/3hk31SHs3XGLckg9rd7SjmaiH6Cg==", "Хаврония", "Вязовкина", "Богдановна", "galoshes@gmail.com", 705327324037, "/upload/avatars/90.jpg", 3),
("minishes", "czYGb9bCaESTVmv9xxQTQ1N3m496lKwtiHYtt7YrbY7tu9oVFdu2JlXh/819lRFTMIzPvqaoEMuFJlhEsWOBQA==", "Патрикия", "Калабина", "Виталиевна", "minishes@gmail.com", 547101006303, "/upload/avatars/120.jpg", 3),
("cuspidine", "bbz/9INQPFaqkV6PGxpgKQR2amUXbvHzBjtO35xN3W5T4uCF9C3L1bNkqUJoDlh7InFmE1yB+e9bCetMbI4CUQ==", "Воислава", "Леонардова", "Юрьевна", "cuspidine@gmail.com", 658881104212, "/upload/avatars/66.jpg", 3),
("jinrikiman", "H7EB+qaS8IMIOq18+FAWfd647n8mccAm4M68dRDJFQEJghbghyw6xN5GAnnUFZGHx2rH7LmQ2WRWqveh0ATIgw==", "Агапа", "Вашутина", "Романовна", "jinrikiman@gmail.com", 993196015583, "/upload/avatars/85.jpg", 2),
("modifiability", "wkZ9LCsMPpGPkS3UIPElUsPfUbWoCHFQT7/wytfXZtEDfQFdxnpgCBD2+nNj0U7hyOxE2M20lVVB7xVrdWVL5g==", "Влада", "Семеновскийа", "Денисовна", "modifiability@gmail.com", 386497705220, "/upload/avatars/105.jpg", 2),
("grassflat", "ueNpVlIm1jI7UZatzT074jRVjdBbFwSL5fJQmaudFFwwbfQr8NhykBcN575mNU+nfwjl7FUG4m7Lp04+LbLb0w==", "Гертруда", "Афинскийа", "Николаевна", "grassflat@gmail.com", 778318203622, "/upload/avatars/95.jpg", 2),
("Matt", "sNADpbBa2N+gna9hGhZ5qKVhGHGFaIJwUQu/L6hHDZB7Q+XqpFXa2nXMHzBH+KwtxeG4f7NagRuWCjd3/PyVTA==", "Гордей", "Краснухин", "Андреевич", "Matt@gmail.com", 661171244770, "/upload/avatars/29.jpg", 3),
("aubusson", "JwBYQpMXZewWUXjQs32dAnksjC1E/AEP/UDOVc1GYsylxMHx5jTi4C/0B6ztqLm47l6PMddiaDX03FsYBsS5zw==", "Павлина", "Карановича", "Феликсовна", "aubusson@gmail.com", 608175430878, "/upload/avatars/68.jpg", 3),
("mawed", "jeuuLklWVS5rvWHPCX433BlHjErIo13RMNuf70Fazt0F69uie7yxkP398Fv8o4lehGfjbHUzWtzlBcE8iHGpjg==", "Досифея", "Евтина", "Владимировна", "mawed@gmail.com", 461316592294, "/upload/avatars/78.jpg", 2),
("adderspit", "7euKyzpd2Xs2TPwbRh1mOKwwjc/uXHuAlOJxOjCpLwUHy78+big40uwDWE38wtIZ1E6jStaiWB2KxMITXanaGA==", "Эсфирь", "Ломакоа", "Станиславовна", "adderspit@gmail.com", 174118392786, "/upload/avatars/107.jpg", 3),
("kryptol", "5z+yu43dsyYLfmB2IdWCS3ncMWe2kYxav9ob8EUiL0XaKbEIRrNV1SgXPCA/3WabfBf/yxtiJn2+jTgTPIhEUw==", "Лукия", "Букреева", "Ефимовна", "kryptol@gmail.com", 503423019518, "/upload/avatars/113.jpg", 3),
("Rui", "dOf0zGvaMiO/Mf9pZm7rvGYYrH7XSFLoKlkENitcwncUsZWngD2MCuwGUVTr2gjpG5Hgh9iKw96qXelqZBmWuQ==", "Юлий", "Довгалюк", "Станиславович", "Rui@gmail.com", 782941466024, "/upload/avatars/43.jpg", 3),
("borzois", "Qj+ow8zgafq9A5HyhereYEgwpht7jHeX7H7Ar9/kecF9TBsJyFgH3SYgyCMu/ZhCSAd2Nk4/7ZFinQ7v7AAnGA==", "Егор", "Савельев", "Георгиевич", "borzois@gmail.com", 311072896784, "/upload/avatars/2.jpg", 2),
("abetments", "vwToBaotqwrwELTTTYPLEcLYEAVqwqPlbZeY+sxiEAeH1nA3QZ1AWQIfm3yVJ4utwVIZG7Q+Yrx2OWJxEB5E6A==", "Ирма", "Горелика", "Матвеевна", "abetments@gmail.com", 690456674284, "/upload/avatars/107.jpg", 3),
("greyly", "QCs028rxpNhjw95EFnBvXOUFrxNqi7uxlCI75SFusvMCO2IFzxCEmTkg3fb6ZcSPXXwf8uL6L+TqdKBgd3CSEA==", "Ефимий", "Пекишев", "Федорович", "greyly@gmail.com", 29996470578, "/upload/avatars/56.jpg", 3),
("inflexions", "rl3zXsId8ejP5BGHdZxLam0Ni90iChDjIJKSZ8MySkZ+8a1BxKnau+fl2NbnJOM0lKE5rfScr2/6/7vh8bIXog==", "Порфир", "Чирсков", "Григорьевич", "inflexions@gmail.com", 481128203771, "/upload/avatars/1.jpg", 3),
("escalating", "oBwUFHVYSMqwKg6UKJnLhbg8Yo2jpBRybNbqSlGPUqZFDWQD9XV9NvCea0+Z/dNRTOFJJJplMACijYqklOn8mw==", "Евлампия", "Лосьа", "Евгеньевна", "escalating@gmail.com", 217815050671, "/upload/avatars/93.jpg", 3),
("embryons", "sRUzaEnHxcGnK4uqCichdwG/X4Z2zDfyIbCrT6+b4wcZWHBI9ftt7u7eT0hxYluyLaEKkEcErFdtiX8ELIaFKg==", "Ульян", "Редько", "Григорьевич", "embryons@gmail.com", 648433346662, "/upload/avatars/24.jpg", 2),
("Dieter", "o76xNetYUes+zBRHv6nicCyYvXIeaxtW1RzP+Ujb5ZW4WLiUoMY2I/oSO0vc+pgKcAtvdAQNsO/qC9oFuaJ5SQ==", "Беата", "Евсеенкоа", "Андреевна", "Dieter@gmail.com", 278693170026, "/upload/avatars/67.jpg", 2),
("hypocritically", "UE7cZZqVhICm8G57bUjtn+VEg1iRkzTUrYqI1vGILEG+SAdhy1rZVKgVfqWSgnp2xW2V4+dZyC4+v06XWHtV4A==", "Слава", "Киреева", "Георгиевна", "hypocritically@gmail.com", 952370736806, "/upload/avatars/76.jpg", 2),
("bottleneck_s", "Pcr6lXEYcyeSWHYZWW9WqAzT2p4zW2v1+1Nogdn0A3HaXfvTVg3oZYaSddic+ftg1WcpWcqWcdDyztdzaRRzGg==", "Малина", "Поликашева", "Григорьевна", "bottleneck_s@gmail.com", 548267085584, "/upload/avatars/72.jpg", 2),
("linearities", "e1wX+4z1Iv0U2Mwig6xm1MDw3nl5b9ZCRXS+eoKjnwOQMctD9TchE+iGjGDgZ+9OCTXRyuiN34B7Xs01RIQrxA==", "Вестита", "Кирдяпина", "Валентиновна", "linearities@gmail.com", 47896874659, "/upload/avatars/82.jpg", 2),
("butcherous", "bS7GQQQvEfHHBm9AGY91v8iU/U+cggCEUdFzToFPMhQab+dxlbmLzuGlvx6f7JDvTRHMx90XzuldauZ/nWLPEQ==", "Галина", "Слободчикова", "Эдуардовна", "butcherous@gmail.com", 825005674418, "/upload/avatars/86.jpg", 3),
("norse", "DOI2drji/4+c3tbEjjBg6WlKc8PQq4Jhmsmwrmk+SGIZNDKtO+c3WKAjEe6QBbVYjlUBb9Bqskpd8JDpNl9JXw==", "Виссарион", "Кондреев", "Филиппович", "norse@gmail.com", 933833306103, "/upload/avatars/51.jpg", 2),
("fomentations", "Rqy86Bfes8bFYOHepapPTYQNt97zrm4NofYtHI8eMtgWu8o8AhLocab68fT25LTv1TZk5lFoWQVXs8da9pu9Qw==", "Нестор", "Акимчин", "Антонович", "fomentations@gmail.com", 531405275816, "/upload/avatars/58.jpg", 2),
("homoeokinesis", "zzitY/R0OQ6X89+rLbh45Hb6S5m5vM9HVcwHsqMJInJXTL20lNW8iLO/AZre51Mtpr3nwAdK3fz3SoUQnbNv5Q==", "Лонгин", "Пальчиков", "Васильевич", "homoeokinesis@gmail.com", 839240797634, "/upload/avatars/46.jpg", 3),
("fatbacks", "EGv47RNoXyntpGuxhB0wMPWkNT2YG2bziYk1wMaMP9Z5a7ZGFBuiTA7XYiCTcfVWvw/JghpyZ7VLVLlci/MiTg==", "Калиса", "Дубинушкина", "Владимировна", "fatbacks@gmail.com", 890108370048, "/upload/avatars/112.jpg", 2),
("bethorn", "DX20qUTY529UBK1LPcRTFXGnKnM5RbtXlgG/FJkqUU1nawSkKTNYHpNApdiweYp+lcQv4yaA4scgET7xQgSIaw==", "Земфира", "Дронникова", "Николаевна", "bethorn@gmail.com", 771611350084, "/upload/avatars/108.jpg", 2),
("autobiographic", "RFb+IffaR+FU/NoW50fcV2ev0bEigzqOarnLWdggr0uF8eSvIrARpV05cNgXE65Kc4B/usf9YEnP6ah8s6fbYQ==", "Каллиста", "Тюменева", "Васильевна", "autobiographic@gmail.com", 627404320905, "/upload/avatars/100.jpg", 3),
("contramarque", "akBjoCP8hQYz9Koc2aIu3QfJZy+2KrKdhJlogg+KDyWH3cK8QLOLENMyVHDBowEFi1mTMwv63blSX/F2ahymTg==", "Леда", "Бондина", "Викторовна", "contramarque@gmail.com", 900329774028, "/upload/avatars/94.jpg", 3),
("bugled", "s00R/WKoAGYX1M3xxKfvV6sFiSR5y9IRON5GL1WWA+ahPnJm58iiUo3bvmmv+N6gB1a/NDO36IIo0/u+i+ZWSg==", "Тристан", "Эстис", "Александрович", "bugled@gmail.com", 905882085275, "/upload/avatars/2.jpg", 2),
("letterheads", "EK8hl7CRw6sWg5d8Zl6ierpHWdP+dhOkiNy2FxIBQek2Au+L74bPK8oxWzLrrKxiz8EkjTXRCYBbmrJxFdf2kg==", "Владилен", "Стаднюков", "Данилович", "letterheads@gmail.com", 414661391561, "/upload/avatars/51.jpg", 2),
("chromosome_s", "8Uc3NwmcrD1Hze4bsJ90gGiuJhjr/mo6+7oRYSMvgyJ3cYY2Zq8jYbl7jS+Zl1qONvkeTamMHWgw7+Vgg7B7SA==", "Руфина", "Ирошникова", "Юрьевна", "chromosome_s@gmail.com", 431368796521, "/upload/avatars/67.jpg", 3),
("lyrurus", "MTLy+DRdWGklrwlSCxMmPCP8lUJc/ZTOYMnWR/b2UBmB86KWbs155Kii4szAXj7yeatALXhBZbEI81Ts78h9sw==", "Петронилла", "Лимаренкова", "Леонидовна", "lyrurus@gmail.com", 505030627769, "/upload/avatars/65.jpg", 3),
("industrialists", "RvlU+LZK8+k1LYemV9UTnAo8R+ZE45eAOKKPCII/4La/RA9M4bbAhozJaKNnJ4y4rqhAYO73uz3OuzXF80nDkQ==", "Ливия", "Лыдкина", "Феликсовна", "industrialists@gmail.com", 386616883587, "/upload/avatars/80.jpg", 3),
("diabetologist", "izJQ8JGIHG7DCJ4UI0tERxagBLChKWs4qLrL/DBQ2GYG73HQlUWJTsnA0bYF1oK2cqRQp0KlRi2CVglAxq0ciA==", "Евмен", "Вианоров", "Тимофеевич", "diabetologist@gmail.com", 225059351766, "/upload/avatars/12.jpg", 3),
("garnisheement", "TmU2WDA92ktGd3rRyw54SMv2BG7qxhpZ5+n9Amjooa8iLRaiqX7+POz/wEEJhmE2Y2ZubqxWFua+Tv/A/vOlbQ==", "Аксентий", "Барабанцев", "Платонович", "garnisheement@gmail.com", 727942574530, "/upload/avatars/5.jpg", 2),
("midband", "k/fjQQnSmecOvRxb9FAF12usL2z7i6t6SBf9f31CsJG4qrWl9aRoc7AOOmaK5c6qbtbFuU78nsPPrqaVimPEwQ==", "Аполлон", "Кельдияров", "Артемович", "midband@gmail.com", 171601244387, "/upload/avatars/50.jpg", 3),
("noncrystallizing", "woyVGkMGs3/8++hZI/QLswbY09iD06RaMQxayqHTmkvGXFKrJV8b6YZH181ZaW4GYwTHqKng+FkuQCKM3fZaPQ==", "Филипп", "Ларионов", "Юрьевич", "noncrystallizing@gmail.com", 776860414737, "/upload/avatars/30.jpg", 2),
("entia", "izbg4bJnKPm4CGKhCQISoqB9aV5ZiRp/zRIoZeA0kZhP49mW1B/V66l6OFYS2zORJ13sAZh+5mtWxcnNxFBgRQ==", "Фавстина", "Пшеничникова", "Филипповна", "entia@gmail.com", 976728841962, "/upload/avatars/117.jpg", 3),
("crustade", "6xiD83nPIsuCgDtT4yLRC0GY1DjofusW/qlAV0JkrrxWM9m29Tn7Ns2emodSAWkvcbhi8kzpQOpHtRQIex7IYQ==", "Алиса", "Курбскийа", "Игоревна", "crustade@gmail.com", 634729817563, "/upload/avatars/115.jpg", 3),
("grainless", "urqWd9geYdt5rTHTVH51BUibJyOjDKkJltkuShmYaKDG/npUEwD8aBrnFBPsJsl6o8qKJ4Rr9i+LQBc/Qr2Osw==", "Евлогий", "Розанов", "Феликсович", "grainless@gmail.com", 789124213, "/upload/avatars/43.jpg", 2),
("assuages", "4Zv96h5YgPLSHp+Dxu005HXzX6JeDSkwfBbpTp/QB8j8su5wvZPTT0ATLuygo6x4XoVtBIfvdLG/AqhLVd8XSw==", "Марин", "Алексейчик", "Иосифович", "assuages@gmail.com", 464041547016, "/upload/avatars/17.jpg", 3),
("methaqualone", "6+9+lFsfi6hAmpe0Y22+u39qXZkL1HmGGAPb9q1TAJWoV0QIiawNrADkOhgkD+2jtJMwr5qe6xfNGaX/fAzDzA==", "Май", "Зажогин", "Артемович", "methaqualone@gmail.com", 292988581290, "/upload/avatars/35.jpg", 3),
("cudweeds", "slY/hzK5pgJ+dt9c8jvMm+jdhP4HfljEQ3uTkWU1voWbqEh+W5S+RHL8MzeK7wwuih0cA6hWGWREZZ5cMkxRhA==", "Кастрихий", "Школьник", "Игнатьевич", "cudweeds@gmail.com", 567822721269, "/upload/avatars/48.jpg", 3),
("ichneumonizeds", "9sWFDHy3zX/rUDfULZPkmPfHIL2Av7+WVkqgJ+A+aOgTZSLfW2B05wIJ+OvDrP3mdYUkA8iV0sGbk5yk2qjGoA==", "Митродора", "Акинфова", "Геннадиевна", "ichneumonizeds@gmail.com", 286016291529, "/upload/avatars/72.jpg", 2),
("gilbertese", "OaIGYubsw1ocYzR316rGc+RIvnGR7eSS6JoitpMLaZjezYPUuk9iyKSWd6pgtfSJSXZaqrkU8rEQh7QJqgbwJw==", "Салтан", "Буданов", "Юрьевич", "gilbertese@gmail.com", 392861036027, "/upload/avatars/41.jpg", 3),
("inserted", "4BtKx+LrUylUbLfwnVIqBl177xa4VdOHrJ6IXp2ajq/gTqiFdfx+hq+LGBF+vkhB5gsUDS41QNSy4mPxhjaALA==", "Ифигения", "Сочнева", "Антоновна", "inserted@gmail.com", 648472808835, "/upload/avatars/84.jpg", 2),
("concisions", "TZk0hBP9r3dGfR4MBbHuuBw36WlLxuxkoNhMPArJzIfRSRem1ULkMLEFnrLI0ncetYj3DN+7PvFkOvTBIIjjxA==", "Изабелла", "Тимченкоа", "Григорьевна", "concisions@gmail.com", 586960465169, "/upload/avatars/110.jpg", 3),
("cytinus", "Xyrc6fyvCnQ/2SrMxS8C5jAra7cPIfOBxGuSyuv29VyNpHIMCdqaymsSSdDHhqQLs1b/87xbWCaP0HNU7A3f8g==", "Фея", "Пупышева", "Эдуардовна", "cytinus@gmail.com", 918732100858, "/upload/avatars/113.jpg", 3),
("entoptical", "xhR57p9Qj5KJmbXOrDcJ+UM5ahPV7dSu5nHKEmld1D9BihDUJFtiqpfcOwbiXWfCb4N5LKS6CnV9K16+umXp8w==", "Нинель", "Милькова", "Эдуардовна", "entoptical@gmail.com", 177880331226, "/upload/avatars/61.jpg", 2),
("dismantled", "RSMGxfURBBC/UwIYjycNijAP4hrasHv2nnqrVxvOg/Xl03vbL2wKcssOPg1FJziVE3kr8g/XABErkcLspsez1g==", "Калерия", "Магичева", "Борисовна", "dismantled@gmail.com", 805344492434, "/upload/avatars/75.jpg", 3),
("deadlily", "g+7CJEszUMiPv+UnkYL/0m8sVS79ZOTTN/ONstTx8QmzQk9yePsVCrecWkpvCho0EXITD5DOdEuCN13Xeg7cNw==", "Александр", "Молоснов", "Юрьевич", "deadlily@gmail.com", 599887132080, "/upload/avatars/26.jpg", 3),
("kingpiece", "xmqRc/TmryIL6FaK84eMcwMGX9B3gnzchdqM+dULihGK5b5Y2ln7EA4a5rRigu5SkVOBURDAiPCJ6dMLf3rqeQ==", "Андроника", "Тодаева", "Викторовна", "kingpiece@gmail.com", 984884163452, "/upload/avatars/81.jpg", 3),
("labialismus", "M39+q6m8bm0XBiOdHfc9gY8+pXMuWolxTKnzwJejP1hzQgNRmyoKV5n5zD85gZdQGTfH66TRGYhgm9+NRhqZlw==", "Филипп", "Платонычев", "Анатольевич", "labialismus@gmail.com", 133037586450, "/upload/avatars/32.jpg", 2),
("abominates", "xgwoGUUMxW5vt22ZQh5V7GM7Mxtef0oP3WoMLSbq4a1zJz6UKVRdWiI0n/fkHq9f9nS3sE74+QtbP9kmZSkLmA==", "Дементий", "Овденко", "Витальевич", "abominates@gmail.com", 593925216334, "/upload/avatars/22.jpg", 2),
("binodal", "howpEy1PNPEmwFH4gVwF6Hmk5ezBcutY3vuA4gtY1dUV3iRis8LpjDu7CBW2YVI0JO9AM0xbgQYA3k4+rc9A8g==", "Богдан", "Горбатый", "Аркадьевич", "binodal@gmail.com", 45105162842, "/upload/avatars/60.jpg", 2),
("diamesogamous", "KpfOhY4NdGKk8bSq3TapP6b0Shz5Wrw1aut1FB1JiRMxo6GeJhQJy0GnsVWkmuXC9s2tbpPhy4KnP41dWrEsRQ==", "Сосипатра", "Рютина", "Семеновна", "diamesogamous@gmail.com", 846948303399, "/upload/avatars/114.jpg", 3),
("mealable", "6ZmbXMWL0F50PG4NKmKB3QzIficY7uTzlvjE99R+sQIJ8IzAvJEb90VBPKyik3waEaiXeDQ+o1Up/xYQ38RPFA==", "Мокей", "Адоратский", "Дмитриевич", "mealable@gmail.com", 787374031570, "/upload/avatars/10.jpg", 3),
("diocletian", "ZnCyMuA6f7ke0DpWce0/8+Qg5DIGSqQwfDCvhidUFWQtd3M3MG1vOmWuk1u2+XecNDPshvsjJf+1Ae9/C8slNA==", "Евграфий", "Зобанов", "Филиппович", "diocletian@gmail.com", 257798881395, "/upload/avatars/33.jpg", 3),
("glucoses", "fhjF+JQAn8LKm9AHCmCHE7LfZlNvQX+e9sKNcA9BZkKiC5w3TjB79OaPFvPP9zlkLWGCPw6DC18NuTeITDX6SA==", "Эрнестина", "Макогоненкоа", "Ярославовна", "glucoses@gmail.com", 481282422760, "/upload/avatars/88.jpg", 3),
("bluebeards", "Zzell9cHJe79qr8eT02GOggWmso5dKZVQ5QXOyCdekdKwDwd2iQpV9sRKAZLQY802MXdst5XbPpdNhsG3GT11g==", "Звезда", "Осеева", "Артемовна", "bluebeards@gmail.com", 199364816898, "/upload/avatars/74.jpg", 3),
("blocs", "eRpejunvKLP4UCGsSAii2KAdJTeA6g+SiB1FV5aIbLnxXXvNsy5q3pUg0Lar4Weqim7yxf3zY3XHBdHOmAPK+w==", "Евдоким", "Лузянин", "Палыч", "blocs@gmail.com", 207782681456, "/upload/avatars/49.jpg", 2),
("deprogrammer", "N7Sw4HwDo4WropVZJuxZGrfBylz32VepnE1CoUuYfaBCz2BM0xk/evetiX/lLH5hPf7JdY1rGgIRE1/csCTY7A==", "Фатьян", "Фортунатто", "Исаакович", "deprogrammer@gmail.com", 129901919614, "/upload/avatars/50.jpg", 2),
("hadrome", "lgWDlaBR++J3zhhcWzBv0vhQFf8nel4lhf4jF6uodBtKYUCS9Pw+97sGV6hVEr0D4/ur+aR1W49kJ+bx+CxXfg==", "Агарь", "Клейменыйа", "Иосифовна", "hadrome@gmail.com", 767609322210, "/upload/avatars/71.jpg", 3),
("inlaik", "RA1cEt2KvaM+4s5uu40NSDMQqFvT1ec6/lnVfCiHUrH9OA9pwXb34mp2KnDUzqI/KUZaoio3hgHPW2bKOgrHEg==", "Христиана", "Сыкчина", "Евгеньевна", "inlaik@gmail.com", 813880157406, "/upload/avatars/86.jpg", 3),
("oarfishes", "2FI/ZAnD9/O46WvJh1bsOVUdspS0Nh56OOHrZ/LLqKBwhYvRMmT2zdC/wrvp5vui5moVxXyLqix4hvENk3q79A==", "Доната", "Писанкоа", "Александровна", "oarfishes@gmail.com", 726861124529, "/upload/avatars/104.jpg", 3),
("larcenous", "NlrhaQ2IVMSiPt5LLSeDGE1ZCbwQA/cXydRcuRsQlbLwImdC3o8uobJVcyR1ltE3IKmG86k5CFEqrn8H6UjsyA==", "Матрёна", "Кончинова", "Станиславовна", "larcenous@gmail.com", 521113704335, "/upload/avatars/97.jpg", 2),
("fibreboard", "UcoNNKKwtlozM8eTe2GppCwc23s0ThLomCgDC/zCZcbo7/ytvwjVhOMmfZF+WEQoAWqEjPuHKcm5UQdW5QpOUg==", "Зинаида", "Пионткевича", "Львовна", "fibreboard@gmail.com", 52794936333, "/upload/avatars/73.jpg", 2),
("Ann-Hoon", "Zk5j0E0KVArURT5Dxxx5CoBNDWQSQ7KZo1GxgPCFaunOLh5jAUT0p8TapDeKUB2bkaZWURdAofyBVffbGGMWzA==", "Марк", "Редров", "Викторович", "Ann-Hoon@gmail.com", 989108199583, "/upload/avatars/4.jpg", 2),
("indigos", "mz8JK/w2UkkV5y61BRVMy6t5da6De+rk4BmvpECEMn5WylVxYx2cuJdpIDXiQywd6VdgYwx6FtaU9wzi9FUfiA==", "Парамон", "Балаклейцев", "Максимович", "indigos@gmail.com", 45898116279, "/upload/avatars/50.jpg", 3),
("jibbah", "Fd2SxDUqNt3LTd5N5sE/mriQZnFqxfiDxYcfsKqzhC4V7qvllPXEz2zwnoO3IA7Cm1zdLU7OV9JOh1APS8UR0g==", "Валериан", "Яблонский", "Васильевич", "jibbah@gmail.com", 198196005053, "/upload/avatars/6.jpg", 3),
("disload", "zArPsBno5HgXsHnxuASYC6vNtsOUuav6dvZFOB6FW7/IdoyFRRUs5acxXao10H/GniqImIvTtu40+WtTuDl2wg==", "Андроний", "Сафоников", "Степанович", "disload@gmail.com", 7465015707, "/upload/avatars/52.jpg", 3),
("geminately", "yFA/1rV8arAgCaW/weJH3mJTQOQj6RJ0p47mHsLZtiaBoUuySttiTXHP1BpwTdnwlt+dpQ34wqDGA+IUoVwIWg==", "Людмила", "Яблуковскийа", "Валерьевна", "geminately@gmail.com", 97509690306, "/upload/avatars/65.jpg", 3),
("nuphar", "rwpfbVTfHtx5NPIt2dSaWzslLRVrldCsi7XNClLOFfVHPKEC2J0nOQ8Puff0Hii7W34cnXdQJfbxyqc8tvyDyw==", "Дормидбнт", "Дудников", "Филиппович", "nuphar@gmail.com", 865382992099, "/upload/avatars/12.jpg", 3),
("lepilemur", "5m5+03AhlfPcrrUDzd9RXnrcw7KNAinRHvF68/Vrm0HjXOKDO4AfBs4OD/XX7VRNrZBI7D5SRThzav8TV79BJA==", "Петрина", "Котляренкоа", "Петровна", "lepilemur@gmail.com", 247483917422, "/upload/avatars/110.jpg", 3),
("flourish", "tPsmDG6dy97jcr0aF4zTUQQ4g0a9IkRm5NctEys65LmUa5zhlgYfxAPhMRBm3bQ0paQa0FRSmDXqBCnjoZnK2Q==", "Агния", "Игнатюка", "Матвеевна", "flourish@gmail.com", 274902260525, "/upload/avatars/70.jpg", 3),
("mitigation", "OpOVE2f/Jl3Erodx4J3s8dnKSgNHeiB740p0gOqDxwSlekkiw3+QODeYh7xnh5YjMjiNB0hXhuKjcqXXlt95Bg==", "Любовь", "Тарновскийа", "Тарасовна", "mitigation@gmail.com", 445638321286, "/upload/avatars/104.jpg", 2),
("meromyaria", "IiIXWlpDzxoyUNUtRNkexSsn0GdX3hd5pEeLqJ+iy3st5FaWlml9CPdNV98MY0A5gqSH2Zir1slfLTp+OZcHHw==", "Станислав", "Ромахов", "Иванович", "meromyaria@gmail.com", 487418487332, "/upload/avatars/3.jpg", 2),
("folds", "eEd6AnVysruoyEEsg46Tkhqnt9klVHdUv6R4j+pimqh4X2rx8R5SHO3B4EzdpiTYFkXTQ54ynencX5QxGG3dfA==", "Анисий", "Гарасеев", "Константинович", "folds@gmail.com", 17713788201, "/upload/avatars/5.jpg", 3),
("gregarian", "AUjVSeAjhrmWacY7wLbC2AFDIXBT6dAWyiaOabg2j6FV4kioZQlqS0G68SN8PWpYIUZ5MVVUiLaBBes1YBXPUQ==", "Флорентина", "Ананьева", "Валерьевна", "gregarian@gmail.com", 671530016285, "/upload/avatars/82.jpg", 2),
("ironers", "ZQkiOB0UI4Rp3+Bx3kNDEg7meRxkkWaHoQRec1DRwEUtItVkiAkDlaRaTJhhbRdlT46lQrWaeP8bnFBatoMCVg==", "Флегонт", "Куткин", "Иосифович", "ironers@gmail.com", 429317950582, "/upload/avatars/2.jpg", 2),
("cabbage_s", "kkBzdVjvLs80M7sfKcfEyJCoVGcz6+VGpflNqcHKdWOdsFUhX9ag4Z+GoujEXe614NGgXcJyVsrA1gYRB3YXnw==", "Шушаника", "Евсенкова", "Иосифовна", "cabbage_s@gmail.com", 134485656353, "/upload/avatars/95.jpg", 3),
("coenthrone", "JIO4J/DDyqLkyrYL3jY5j+20cjtfo/XpGRtAh00/k1MIGsjIowQD4HsLnFr6pNXWB/xRH93FEUTXnAkuPmlEgw==", "Бонифат", "Драгунов", "Феликсович", "coenthrone@gmail.com", 312135892748, "/upload/avatars/9.jpg", 2),
("holosaprophytic", "NXavYIPOOOfbHpIQU4c4Sg4Xv8SOghRW3xDnticZfMt8CDDrgPvZmQfngxUnnF2NVAYPP+1ykrGn9+UD5miumw==", "Милана", "Качалина", "Владимировна", "holosaprophytic@gmail.com", 468896411877, "/upload/avatars/101.jpg", 2),
("dissembly", "0PxUvAxfMUxVZRm0aLND7ngNxpTB+sybwAdKvGLrYl02rq6nf6X7BLDMgvAT5EK7fn0ucI9leGJppOKCoD5IYw==", "Петронилла", "Тептина", "Андреевна", "dissembly@gmail.com", 907471913446, "/upload/avatars/104.jpg", 3),
("chlorophora", "5qZGwaMk4CXrNuy/iRiJ77eh61Fx8gHac5Y9ewhn7fXidPuSm6p5/qzNAb4hMiN1iHRcEM1c00Sxwy1PaHCryA==", "Авель", "Дубов", "Игнатьевич", "chlorophora@gmail.com", 71692082897, "/upload/avatars/29.jpg", 3),
("harmala", "3L79VOZfOgLRfITECm/7C/n9TJFK0oJyVTMNqBfwIdrJS6VV1MrgE8ClQuZGn4drqOcd0DWo7PZwCMXdL7Wp7A==", "Никифор", "Марисов", "Ярославович", "harmala@gmail.com", 342491701360, "/upload/avatars/2.jpg", 3),
("misdeformed", "1zBIi2ZaaVHoAuYGHstfSNJaak62MHFy7mOMwYyc7AFoBl31Psdc5Na1GTEPyIeLvUCYJYe2ZtJUmttYMZMR1Q==", "Нимфодора", "Теплухина", "Филипповна", "misdeformed@gmail.com", 463332664334, "/upload/avatars/93.jpg", 3),
("mediumize", "iCygd/AY/B5gxs2hKgGa8odo+nEYoq6LDxk569X348clXsJpQxi9iSqLbl5DCV77UFTa6uwup+YvYamuOJ6YnQ==", "Елизар", "Коммунист", "Эдуардович", "mediumize@gmail.com", 907492643454, "/upload/avatars/46.jpg", 3),
("characterize", "A4iyLsS9HJhvRSTJaiZcF08X2QdxcIn/Jdcj1JlZx58kTfNcwsG1dlcWwplLt8O68s3IvuebAEiWaPeq7ZfHRg==", "Иосафат", "Кокошев", "Ефимович", "characterize@gmail.com", 135399023817, "/upload/avatars/9.jpg", 3);

# Fill table `employees`
INSERT INTO `employees` (`employee_id`, `experience`)
VALUES
(2, "1970-01-01"),
(4, "1970-01-01"),
(7, "1970-01-01"),
(8, "1970-01-01"),
(9, "1970-01-01"),
(10, "1970-01-01"),
(14, "1970-01-01"),
(15, "1970-01-01"),
(16, "1970-01-01"),
(19, "1970-01-01"),
(23, "1970-01-01"),
(28, "1970-01-01"),
(29, "1970-01-01"),
(30, "1970-01-01"),
(31, "1970-01-01"),
(32, "1970-01-01"),
(34, "1970-01-01"),
(35, "1970-01-01"),
(37, "1970-01-01"),
(38, "1970-01-01"),
(41, "1970-01-01"),
(42, "1970-01-01"),
(47, "1970-01-01"),
(49, "1970-01-01"),
(52, "1970-01-01"),
(56, "1970-01-01"),
(58, "1970-01-01"),
(61, "1970-01-01"),
(65, "1970-01-01"),
(66, "1970-01-01"),
(67, "1970-01-01"),
(73, "1970-01-01"),
(74, "1970-01-01"),
(78, "1970-01-01"),
(79, "1970-01-01"),
(80, "1970-01-01"),
(88, "1970-01-01"),
(89, "1970-01-01"),
(91, "1970-01-01"),
(92, "1970-01-01"),
(94, "1970-01-01"),
(95, "1970-01-01");

# Fill table `offers`
INSERT INTO `offers` (`name`, `description`, `image_path`, `price`, `period`, `isMain`, `isShow`)
VALUES
("Традиционная<br\>стрижка", "Эта классическая традиционная услуга идеально подходит,<br/>если вы хотите, чтобы ваши волосы были подстрижены правильно.<br/>Наши парикмахеры будут рады помочь вам с этим.<br/>Мытьё волос. Стрижка машинкой. Укладка волос.", "/upload/admin/service/traditional-haircut.png", 25, 25, 1, 1),
("Бритьё<br\>бороды", "Бритьё бороды - одна из наших самых популярных услуг.<br/>Это необходимость для всех мужчин,<br/>которые хотят иметь бороду, которая выглядит потрясающе.<br/>Распаривание кожного покрова лица. Бритьё шаветкой.", "/upload/admin/service/beard-shave.png", 40, 60, 1, 1),
("Подравнивание<br\>усов", "Усы - это классический выбор мужчин,<br>и они никогда не выйдут из моды надолго.<br>С нами вы можете сохранить свои усы ухоженными.<br/>Подравнивание усов. Укладка.", "/upload/admin/service/mustache-trim.png", 30, 45, 1, 1),
("Подравнивание<br\>бороды", "Все хорошо знаю, что борода придаёт брутальности лицу.<br/>Чтобы ваша борода смотрелась аккуратно,<br/>за ней нужен уход, именно поэтому мы предлагаем данную услугу.<br/>Придание формы бороде шаветкой. Укладка бороды.", "/upload/admin/service/beard-trim.png", 25, 30, 1, 1),
("Рисунок на волосах", "Стрижка волос согласно трафарету.", "/upload/admin/service/hair-draw.png", 55, 90, 0, 1),
("Афрокосички", "Мытьё волос. Заплетание косичек.", "/upload/admin/service/afro-braids.png", 150, 90, 0, 1),
("Покраска бороды", "Мытьё, окрашивание волос бороды.", "/upload/admin/service/beard-paint.png", 45, 75, 0, 1),
("Пробор/Окантовка", "Придание формы причёске.", "/upload/admin/service/part-edge.png", 10, 20, 0, 1),
("Укладка", "Укладка волос.", "/upload/admin/service/styling.png", 10, 15, 0, 1),
("Тонирование бороды", "Мытье, окрашивание, укладка бороды.", "/upload/admin/service/beard-tint.png", 35, 40, 0, 1);

# Fill table `reservations`
INSERT INTO `reservations` (`offer_id`, `customer_id`, `employee_id`, `date`)
VALUES
(8, 46, 58, "1970-01-01"),
(3, 45, 37, "1970-01-01"),
(5, 17, 10, "1970-01-01"),
(7, 69, 7, "1970-01-01"),
(6, 18, 42, "1970-01-01"),
(1, 100, 65, "1970-01-01"),
(1, 40, 65, "1970-01-01"),
(4, 83, 4, "1970-01-01"),
(2, 20, 79, "1970-01-01"),
(10, 82, 56, "1970-01-01"),
(4, 43, 41, "1970-01-01"),
(1, 11, 7, "1970-01-01"),
(10, 77, 92, "1970-01-01"),
(5, 44, 56, "1970-01-01"),
(2, 20, 28, "1970-01-01"),
(8, 100, 42, "1970-01-01"),
(9, 24, 80, "1970-01-01"),
(6, 24, 9, "1970-01-01"),
(4, 22, 67, "1970-01-01"),
(4, 43, 74, "1970-01-01"),
(5, 77, 73, "1970-01-01"),
(6, 46, 66, "1970-01-01"),
(7, 45, 34, "1970-01-01"),
(2, 96, 37, "1970-01-01"),
(4, 90, 73, "1970-01-01"),
(4, 36, 37, "1970-01-01"),
(10, 17, 52, "1970-01-01"),
(6, 68, 38, "1970-01-01"),
(6, 97, 30, "1970-01-01"),
(10, 39, 73, "1970-01-01"),
(2, 71, 74, "1970-01-01"),
(5, 86, 94, "1970-01-01"),
(3, 99, 52, "1970-01-01"),
(8, 101, 49, "1970-01-01"),
(9, 60, 80, "1970-01-01"),
(5, 97, 30, "1970-01-01"),
(7, 43, 65, "1970-01-01"),
(4, 62, 56, "1970-01-01"),
(9, 3, 67, "1970-01-01"),
(3, 39, 15, "1970-01-01"),
(8, 59, 38, "1970-01-01"),
(7, 90, 67, "1970-01-01"),
(1, 36, 78, "1970-01-01"),
(3, 44, 9, "1970-01-01"),
(10, 5, 66, "1970-01-01"),
(10, 82, 79, "1970-01-01"),
(5, 20, 92, "1970-01-01"),
(10, 101, 23, "1970-01-01"),
(4, 46, 10, "1970-01-01"),
(10, 20, 89, "1970-01-01"),
(2, 98, 9, "1970-01-01"),
(5, 48, 79, "1970-01-01"),
(5, 43, 56, "1970-01-01"),
(7, 90, 7, "1970-01-01"),
(6, 60, 80, "1970-01-01"),
(6, 43, 91, "1970-01-01"),
(6, 40, 94, "1970-01-01"),
(5, 12, 79, "1970-01-01"),
(7, 77, 31, "1970-01-01"),
(10, 17, 4, "1970-01-01"),
(2, 84, 35, "1970-01-01"),
(9, 39, 7, "1970-01-01"),
(7, 87, 92, "1970-01-01"),
(3, 90, 35, "1970-01-01"),
(8, 24, 29, "1970-01-01"),
(2, 69, 47, "1970-01-01"),
(7, 45, 65, "1970-01-01"),
(8, 93, 35, "1970-01-01"),
(1, 76, 31, "1970-01-01"),
(6, 17, 37, "1970-01-01"),
(6, 90, 47, "1970-01-01"),
(1, 71, 91, "1970-01-01"),
(4, 53, 49, "1970-01-01"),
(3, 54, 88, "1970-01-01"),
(4, 93, 9, "1970-01-01"),
(4, 100, 67, "1970-01-01"),
(7, 97, 14, "1970-01-01"),
(8, 93, 32, "1970-01-01"),
(6, 21, 30, "1970-01-01"),
(10, 87, 23, "1970-01-01"),
(2, 55, 56, "1970-01-01"),
(3, 13, 7, "1970-01-01"),
(1, 100, 94, "1970-01-01"),
(10, 25, 65, "1970-01-01"),
(1, 33, 37, "1970-01-01"),
(1, 97, 49, "1970-01-01"),
(5, 45, 41, "1970-01-01"),
(6, 6, 58, "1970-01-01"),
(7, 43, 66, "1970-01-01"),
(1, 83, 28, "1970-01-01"),
(2, 13, 52, "1970-01-01"),
(9, 101, 14, "1970-01-01"),
(4, 75, 38, "1970-01-01"),
(10, 97, 37, "1970-01-01"),
(7, 54, 78, "1970-01-01"),
(7, 70, 74, "1970-01-01"),
(10, 48, 38, "1970-01-01"),
(2, 70, 67, "1970-01-01"),
(9, 33, 89, "1970-01-01"),
(3, 85, 29, "1970-01-01");
