USE `barbershop_db`;
# Fill table `users`
INSERT INTO `users` (`login`, `password`, `name`, `surname`, `patronymic`, `email`, `phone`, `image_path`, `role`)
VALUES
("cumberbunds", "y9L4soWY0Gx8TUGcmy4ALm5OrDX3+nAjo00utGZXyFD65/JxZWOUQ+iBIt38C+N948I34qKqcOC8I70zJ8PR4w==", "Аполлинарий", "Безлепицын", "Владимирович", "cumberbunds@gmail.com", 963131707577, "/upload/avatars/8.jpg", 2),
("defenselesses", "ZPX2HdyJY2EnVLs0eK+wrNEr4yX80Y2yfWS+PBuUk4F4P3qSfAACAYybL88BWPY44+ZEEqZcI0BeaQgl+uCUZA==", "Февронья", "Живоедова", "Тимофеевна", "defenselesses@gmail.com", 15452344916, "/upload/avatars/103.jpg", 3),
("nyctitropic", "iTiFTZoGFyv3jE20e0lDukDfZ5Dgph8xKEf8CYftebr5Jsi2hZkLggWfOv4WeL4jG/EW732x4HkzoWVqeELfyQ==", "Исай", "Седых", "Игоревич", "nyctitropic@gmail.com", 686195495357, "/upload/avatars/42.jpg", 3),
("joskin", "yS6ROhVD6GPw8Nk9k133PtRPqj4ljLBOkqNbkufotJujqa4++BU0XSXSpdRpVU2yLSf/G2kjHZ9+ddSzErB9tw==", "Звезда", "Сыкчина", "Андреевна", "joskin@gmail.com", 453529291443, "/upload/avatars/81.jpg", 2),
("hotfoots", "zqVXYydvmHeboqA7nm72HNh0zO05si/8fG+gWdC8EdJeRFE7cLhXrQV68gy90InGvQNXxcuCDP+g6Jw6LREbDA==", "Вильгельмина", "Чембарцева", "Эдуардовна", "hotfoots@gmail.com", 852900556584, "/upload/avatars/114.jpg", 2),
("alexandrina", "0GK4DdnCVxSA/NQrB+Enux369lws7oNX8BTFHWdO/kd9lZg+b/pTNq8EQdht3BUbBH+qh3Q9ciEzag5jr9mcDA==", "Милютина", "Путилина", "Леонидовна", "alexandrina@gmail.com", 337170810703, "/upload/avatars/102.jpg", 3),
("bedazzled", "y6tQ+DO7IE5y5g33u6SiNCFZqOPhJBqTQoTj56XYmV1MKjb3a4TfVYF27KvpdRHNOTC218d9nOGXaht6+in9Fw==", "Евномия", "Ящукова", "Феликсовна", "bedazzled@gmail.com", 915183017272, "/upload/avatars/117.jpg", 3),
("Charlena", "CG1BuVHomVcrRp3beeG93eNeiqC33GzwkKQL3k4qyA3q/WItdNOtnYwsQzOowtZp67cldwQpTp/kzeuzAOSxlw==", "Анисий", "Силиенко", "Саныч", "Charlena@gmail.com", 952227360621, "/upload/avatars/48.jpg", 2),
("messiest", "eL6O0yQ6y+B0Fx9J+O770/+ceqlSun7aORqKWLZWUikDUOyobzH+U5UGQLFRWz1Tt3vPxIOVv5Tr+14pwoYTgQ==", "Лаврентий", "Худанин", "Филиппович", "messiest@gmail.com", 15652429769, "/upload/avatars/31.jpg", 2),
("lactoflavin", "fiyd60QOVyrWGC+kQXrgPtvQTNeZBgFNbe92Q0Oc50FTMXAFKkzJY2ymIY2zlzFbYgNI50sVcYOj+s2ugwLVkQ==", "Дросида", "Абраменкова", "Платоновна", "lactoflavin@gmail.com", 641875765865, "/upload/avatars/61.jpg", 2),
("clique", "7hpRiJ/JOF2qD+Kp3O/6+LsATP7BJa7zXNW7QDV9UoyjG0m/HTuzljYFLI3PmTq1CwdpAKR7tO6wprxg7HW5hA==", "Северин", "Загустин", "Григорьевич", "clique@gmail.com", 99324935137, "/upload/avatars/36.jpg", 2),
("oligosaccharide_s", "BJDHkYJT6cOkxcaHvZbalQ3ug1rOmPutqOAOAU3HlN5ZLTWdhsRLT+DISxhEo909EV8rY56DZpl/10i04Wd6ZQ==", "Азарий", "Нахимович", "Денисович", "oligosaccharide_s@gmail.com", 28839109932, "/upload/avatars/29.jpg", 2),
("ductilize", "Gn28l9iv5iuvTcABa4XnSkDrxeSgH06I/egJbH1AfRPLirSaZUA2zejoG6ONTAayS412eCZd+L6xLp0DH2xo4w==", "Элеонора", "Иванкоа", "Робертовна", "ductilize@gmail.com", 679605767882, "/upload/avatars/88.jpg", 3),
("chanceries", "fpkiGuPeVRUhwsFVs13PX3axpbIP4fJDg2pjZFta2IK9eKmuMu7EFZvY4QZx+XNNeJKGx81l4g1izychxtBe3w==", "Иона", "Медунов", "Владиславович", "chanceries@gmail.com", 304341923684, "/upload/avatars/60.jpg", 3),
("fossorial", "L0Y0WiwXViZ0H51QW8Z6/fUKe/6E2mP5bBYKOoKuQ6awgKQzMaGo87MAnrBS4R3cE+IClp3sR/yLcFGRqOQ+Vg==", "Феодора", "Костогрыза", "Тимофеевна", "fossorial@gmail.com", 205714424953, "/upload/avatars/88.jpg", 3),
("bioassay_s", "U2ft/pfJC2kqskkbOdL3AcILvTUFiVeoaY0PM87cr2MG7YUcpr7NGm8ZAPDK/4+rQCQScik2AEuhEwzV6MDcEQ==", "Конон", "Алябин", "Борисович", "bioassay_s@gmail.com", 899970486087, "/upload/avatars/60.jpg", 3),
("exodoi", "FV1qUfhDqxfFhuIvfEb8Z8r5gnOFYhYNBe2BPJiHLLTIaBPouvd0iB28JTeIRxqPfV2/M+pl0CdRK/r89tJNUw==", "Варсонофий", "Космачев", "Александрович", "exodoi@gmail.com", 322951668341, "/upload/avatars/16.jpg", 2),
("hyperarid", "2hhUUJrehR/jhU4f9eKcJRoK64iro3itIqldUrTUjmt7Jang4+6tdc2cgRU2jA1z0KTmG75N7KWO25dSSkchwg==", "Гедимин", "Паринкин", "Вячеславович", "hyperarid@gmail.com", 109836901530, "/upload/avatars/43.jpg", 3),
("kingling", "c/2JWeYMhXa9bSLmpufxxsQw3Y4yXt7qZ+Bm+BcQjz1Ik3bTXUJFQw2mwqWFWET22tTrpvGOOYgYU7CyLQY5pA==", "Михей", "Самострелов", "Тимофеевич", "kingling@gmail.com", 864689103568, "/upload/avatars/12.jpg", 3),
("mesarteritis", "F0OdodCGdzx3duZg6UmeoA+y0AHhfOnEWqeB1YjAXElvhFWooVyc6bqSXGcc6NMV6eVbNngJ88sBuPTcRcYDjA==", "Мерона", "Гаркушаа", "Львовна", "mesarteritis@gmail.com", 142160747491, "/upload/avatars/86.jpg", 2),
("girlishnesses", "VwW+bVxeeEWZzNlSC1K7uHHA/4VRDv5ZbFK6FhdEneN/kQFfSqV7Cc7yTmBbr1920JR0tC0PIZ1zivMDveJ8Zw==", "Изабелла", "Полевыха", "Владиславовна", "girlishnesses@gmail.com", 464354837947, "/upload/avatars/105.jpg", 2),
("myristin", "scx9q7ceJZSXqL9Uq4irYzEh34kvluYGirZeFvbdmyrzW+v/UA50o+dqPFChj/sEp8jJ1C5tlW8eOCkN5J/VWQ==", "Гермоген", "Толокнов", "Ильич", "myristin@gmail.com", 240311321466, "/upload/avatars/22.jpg", 2),
("ektene", "DAQgC+zRDVQd436Pt5Xff5g6N0R15wtuA6iAvAXMWQtL5oH2pt6sag2MNwB98uAfVpoI53MRuqfOInzb6L3MOA==", "Мартин", "Куяков", "Олегович", "ektene@gmail.com", 366701059006, "/upload/avatars/42.jpg", 3),
("jaileress", "ric+xjxd96WLFe4htuD2iwwRoSC0s9FjBUZHTp4O5s0RnHBIcATJlaowY0WvI+T3Wr8Yx9tQH1RNfIB+9M+auQ==", "Лука", "Голиборода", "Вячеславович", "jaileress@gmail.com", 949931463397, "/upload/avatars/14.jpg", 3),
("mediatrice", "yufgs4tr8xfSavohzuIcorgUhDpiSFwkfWHafl5TGFkvVIsPUUqRJ8gudCmybvghZ+mHxs8ehAOmgEZsWJt85Q==", "Цвета", "Шафирова", "Валентиновна", "mediatrice@gmail.com", 124905340028, "/upload/avatars/109.jpg", 2),
("concettist", "CwxhJrMQmLIkp5wojXptmIFM022Yurnow1STFDmnjndMk0wbPTH1bYPZkNZdVa2AzbwU3ret4+juLvSGKaQD2w==", "Терентий", "Стулов", "Григорьевич", "concettist@gmail.com", 671924603430, "/upload/avatars/58.jpg", 2),
("mesange", "B6LFvu+rL5f+42ADejPIJbytS2ivCmqbPk2LhLcvFcmQi+Q4xFFfzH0Ih9nst54v5oSWMLyODfIBwakeilM8fg==", "Максим", "Рублев", "Эдуардович", "mesange@gmail.com", 364679956447, "/upload/avatars/41.jpg", 2),
("huddlers", "BJs/73u5+NH5HHSCX44ymEfggEhtChFYCOZdPhTTPZHeSl+oeB0TIQpdu/iuPDIVGwkJfyg8Psvu9F3GN0S1VA==", "Шарлотта", "Базина", "Иосифовна", "huddlers@gmail.com", 83012584995, "/upload/avatars/76.jpg", 2),
("acclivous", "u0ARZG3XjXGR/DJnl0QYmPB1dHKhy0t+06d3zepcRj44DcTj34pekYXMwLoTY7U8pH1kGGc1o6q7XKoeZdX58A==", "Корней", "Фиш", "Исаакович", "acclivous@gmail.com", 665317403596, "/upload/avatars/23.jpg", 2),
("emanium", "s7Bl5JoVh7skJM2YV9xvRHdV1ZNqtnwdqz34bE/lZHYpAUfmL9j5Nd4FDK8OcgW8wbWfI3Gewez9BVg7Xh6n/A==", "Аксён", "Акулиничев", "Бедросович", "emanium@gmail.com", 275144991930, "/upload/avatars/11.jpg", 3),
("furled", "7S79rpGul+P4Nxn/XIkrqb96KmtojuDvfsJQ2CilSwYz1Gt1Z1fK/bPFzTmezC/j4yVzAf7tu4K8G4DNo1urZQ==", "Пальмира", "Болгарскийа", "Юрьевна", "furled@gmail.com", 866647337342, "/upload/avatars/102.jpg", 2),
("cladode", "RgP2ye3tV+kH9Jv4tbo452YUgX1+w4v1pMb7JwjRlpQMaYpnAnQkWfQ8wIztT4pCiUehYCbev7KOV61ykIMigg==", "Романа", "Шатнева", "Леонидовна", "cladode@gmail.com", 868921374243, "/upload/avatars/112.jpg", 2),
("Burt", "BgWa7FJpTqZdllclh76TgRYXOEzMKUkNhlrq3wPaTsnKfBeNd+TsOxp3sp4BX2SEEulNJv7uH5eFfqCGc+I3tw==", "Алиса", "Стефановича", "Георгиевна", "Burt@gmail.com", 687658035973, "/upload/avatars/78.jpg", 2),
("angiohypotonia", "0MTwpwOv0iUiepMsS395jVxGkqe4B0opW+j1iSMF5Y9euOvPKD6oYTrg/mz/Q/f3UElkho4GoQbKGf++IwPatQ==", "Федора", "Шевелькина", "Филипповна", "angiohypotonia@gmail.com", 610483070452, "/upload/avatars/78.jpg", 3),
("interorbital", "kcNcvJzsl369hk512xdMrXh18SSO7lpjaPJ2crrb3mMcm4HydEH9U7wJzRYxD5rLvNs8ukiJFD8HNllzdJP52A==", "Петра", "Флегентова", "Борисовна", "interorbital@gmail.com", 909642489647, "/upload/avatars/88.jpg", 2),
("lapsation", "sUGjBH94UZLy+9JQNftH0++zvdAExHhWfkOE9ecmMfQOfaj9opKj479Gr+qpt+5k9kGpSZqYxreOQ6MI0sV55w==", "Исаакин", "Мухортов", "Максимович", "lapsation@gmail.com", 807161883448, "/upload/avatars/7.jpg", 2),
("ansation", "Sio+HexXRO4KTXtxkaarmVUp0EeyEACWqtQ9vN8fTCP1d1jjyYqrWqbyO6ro4bUNfzxBLy/9cOWOlZO0V4LVGg==", "Октябрина", "Цьплякова", "Григорьевна", "ansation@gmail.com", 361755635358, "/upload/avatars/91.jpg", 3),
("knickknackatory", "jXBFNyVBVMYbQI2XkVJ2klPceZVE63pAXbXup8OXXA9XzFOoo0oOlk+WkL48yJFFRshGi/AzNb9H9xyMqjBd0Q==", "Феликс", "Тимосин", "Вячеславович", "knickknackatory@gmail.com", 297043872838, "/upload/avatars/41.jpg", 3),
("multipicture", "w8c1Rhwk6ZBH58hyQ5vVqh8YWixWeDSrw+qL2hk/IKclEc3rqdEiuKB6+kmWuGPLTURXBY8d4fgPd6WSnqooOg==", "Нефёд", "Бархатов", "Владиславович", "multipicture@gmail.com", 324496592112, "/upload/avatars/44.jpg", 3),
("mouillation", "JRbUvpLohtETvQSVvkkZQYEiKl+/j8VRAodt+kkdr2ol1ldE77TizZA+KE7bg7yHvdObhYxO8F94tQNPETrJLA==", "Касиния", "Сосина", "Викторовна", "mouillation@gmail.com", 362415131556, "/upload/avatars/93.jpg", 2),
("divergement", "iAIZ3guUb+KNKuz/mfr43s3Rxm3wyn9KAkXFHtw0V23lzaUJPKOGvGUtHTB7XPkrQoQPliS2ca8BIDcHYP2V3A==", "Потапий", "Скляров", "Артемович", "divergement@gmail.com", 715953079119, "/upload/avatars/37.jpg", 2),
("considerative", "uoyWu+ifSdioPfXxzNwt01Fwe/htMDdpXvO0dekuqvLfB52hUIUM7kowgb9PUYuOcYycMKoyAdHCVnxWf9D3Og==", "Матрона", "Балакирева", "Яковлевна", "considerative@gmail.com", 753558536696, "/upload/avatars/66.jpg", 3),
("astrapophobia", "fKeC2TX6XD1fnTLDQRoRpAbydfHHcXGqzhWQDm5OrkZmcmZXGvCBvExR+I4ldSW8zUEE7ocMcNTHD1gJddoGYg==", "Иродион", "Лаврищев", "Платонович", "astrapophobia@gmail.com", 911381670790, "/upload/avatars/43.jpg", 3),
("getling", "ai2Gjj4CZpEOFmdVai4YMSwJePitc8APPdOgYsXApBuDc2exNcNuZSHx9kB0nl3qVFtDeVJFFAKVLG3w2Ekm3Q==", "Лира", "Шанявскийа", "Анатольевна", "getling@gmail.com", 962411380693, "/upload/avatars/93.jpg", 2),
("basoko", "ycql86bjyLqAijskgaNPuD2jzsO9WrivT7j7RNC3IpxQGGIimJpk4U/p6Y2JwTL9VNXLaXbDfbIVWcLmcqms8A==", "Евсевия", "Рожнова", "Леонидовна", "basoko@gmail.com", 372992077149, "/upload/avatars/95.jpg", 3),
("legitimize", "qAfk69xzT6wrTd4VRVOd2kgwXfIO7doLCRZFaFwl0WblMpaiA5EZ0jhtbE5fbT5R2wGQiIfZsEKIIfbVPHcqZQ==", "Тихомира", "Ивашинникова", "Богдановна", "legitimize@gmail.com", 589627927589, "/upload/avatars/65.jpg", 2),
("elaeodochon", "gJ2ZMUblaknSVYDIVz0rStoLJvu3k1Cp04U4cHo3pJoPmhbLMqvIB9o414LBNSwBVUBgJzRzqr99Kt+FNTzDeQ==", "Лукиана", "Подсохина", "Эдуардовна", "elaeodochon@gmail.com", 17341419934, "/upload/avatars/74.jpg", 3),
("nuptialities", "/YhCqlbY2mx0bd5rRKii7OW6eKmYymtu3D/ZpIkUADEju49Toxi7Y4s2zmdlDbs+ra3ufi5xBMhIRs6TXAmrmA==", "Сильвия", "Охохонина", "Игоревна", "nuptialities@gmail.com", 584702053294, "/upload/avatars/99.jpg", 3),
("cytotropism", "Fxt0CV4RpJecKq8fZUHNNCsETZSU+ELBnlVm5ug628va0P2ldMZWBdGjFrlQ3PggoDpQUxNtD0vFiJWGszWSVw==", "Фетиния", "Дашука", "Тарасовна", "cytotropism@gmail.com", 366991819428, "/upload/avatars/92.jpg", 2),
("kore", "Kmlam6eACipypg2EcSQGaYlBe5ME43S2cWEQ9VoMBOs+EpFftCxmUWW4aSxgOw2fFq6Z5qoJPdhYWCW8cTcbYA==", "Мариамна", "Резвыха", "Антоновна", "kore@gmail.com", 177990019297, "/upload/avatars/83.jpg", 2),
("hendrickson", "RzIkPLzVz5SjLIg1FOPnw9nEl5jcxAVt93j1IXToGwVEyLH5leURDojbenNoTy2hAuFJbUdeNyxR1Q4Fnp+xyw==", "Арминия", "Кельдиярова", "Валентиновна", "hendrickson@gmail.com", 792648781820, "/upload/avatars/100.jpg", 2),
("cairba", "DjevpMwtsgNERHCqyYFWfUCCU9wZYxuRaZgJIPUa7NcPr9tBkrj6zifuOl4cCY32rMn0w09cYNaqw+V74xya6w==", "Фирс", "МингалЯв", "Палыч", "cairba@gmail.com", 452227203841, "/upload/avatars/20.jpg", 3),
("noncommittally", "5Pr82A216/g0IS1q7kfnDUnXBBNIjv0IMSJS5JoQkyHtTbxvxEh5UOjG6fssSNbznIK3LOlSVagjeoTWI5mQGQ==", "Домника", "Рамзина", "Сергеевна", "noncommittally@gmail.com", 416566986632, "/upload/avatars/115.jpg", 2),
("cultural", "s4q94YCOsFn1rHynazBeUgCkZYTO3PCJ6QvcoEuZKa4zkJD5+K7Pw9NklshUV2tizSNGVgb1uQXA3jHIltQsLw==", "Мавродий", "Хенин", "Викторович", "cultural@gmail.com", 738927847976, "/upload/avatars/20.jpg", 3),
("demonianism", "FxAuTm8zkHxGHPJCZflzni3qyWfI6LyKt5hFnf1ukKbQs1M/koyGCP7AwfYOz29yqZ4HPb32Uu0fS7+Xfw47Qw==", "Артур", "Любвин", "Геннадиевич", "demonianism@gmail.com", 672854351491, "/upload/avatars/43.jpg", 3),
("aqualung_s", "uNXj9/1fu48KYeKuTXnaviZAnCvLPzIX75Y+qwRZP7A7g9ygvAyg409ydvxRn/kI5/oaLC9nRf6b2O6AE5SpFg==", "Зина", "Семиженова", "Платоновна", "aqualung_s@gmail.com", 755601153739, "/upload/avatars/100.jpg", 3),
("cteniform", "TU5qLDIayP/WeIAJqepSH3sO89gTYK4QDnEfnNSuMqEnwXsHprQAnLTg+RC/e/lbW/JEPfuBp8Ut6Z0O09UpUg==", "Милан", "Кокоулин", "Александрович", "cteniform@gmail.com", 327742197233, "/upload/avatars/27.jpg", 3),
("facadal", "LsvaMHZzfEOX36oBvPHuKFe9zh8FPXpfCU+8NNt88wp4+GawepLHiD6ZrLgvN5Ah4iBKhl7b7oejy6J2epsfsA==", "Поликарпий", "Буйков", "Николаевич", "facadal@gmail.com", 397275120677, "/upload/avatars/27.jpg", 3),
("extinctionist", "QmBmxCj9Ni6bieGGHgh8uOOke2L34hIdN/UuKEdqfeL2CUOSHpT2kmV03zBE9XqYO3yy+q2mFbtm/T6WvxvW4A==", "Фрол", "Талалыкин", "Антонович", "extinctionist@gmail.com", 40433673127, "/upload/avatars/40.jpg", 3),
("agathosma", "MpP+xZTp9kigtIG8tW1IofT4cE2PinQd8ENs2/Lz7rUTzbzAshZvdUFVu8lBRpSjGYt23SGNEzdxBdTeLB+F8w==", "Фея", "Майнуйленкоа", "Платоновна", "agathosma@gmail.com", 991637272643, "/upload/avatars/92.jpg", 3),
("controllably", "tXWMLfjoO3qZzID8W9BbbEg+NH4dm9fpDrx6iXUJfaPC5QgtoIp0b/YrIHyo8gu0SUtWlVxQJgL1eSeADnJveA==", "Протас", "Ландышев", "Ефимович", "controllably@gmail.com", 638739389115, "/upload/avatars/60.jpg", 3),
("alcove", "dk+a2WKjB0yCT4EjlW2YCwKwNSCR/Si7KxTKEB0Jk8H8liVv2DbtfagC4pSsZReG09JeyWUYoYdjTJvxK22u+g==", "Афанасий", "Татушин", "Станиславович", "alcove@gmail.com", 329825913762, "/upload/avatars/48.jpg", 2),
("indiscriminated", "T3aozEHYFmqAme/+KKmOMbWv2ZT0WyWh1wu+mHmUcgOaZ9bN514NdiUt00qsUsXq6pRasXBdsVJHEuPIxILpBA==", "Федотья", "Тархова", "Тимофеевна", "indiscriminated@gmail.com", 947458804821, "/upload/avatars/100.jpg", 2),
("concluded", "RGTTOVfSKBeCBRFhJxk0hXysmc4y+QnULG5YodC741moYeoZ2NWftdngF6Jj9c4gQTisAi2Er+LV90ly5vowBA==", "Октавия", "Наваксина", "Григорьевна", "concluded@gmail.com", 293891351758, "/upload/avatars/96.jpg", 3),
("metamorphosing", "EQ3NNFo1lKRmGeDzWjh5NueodBeECl/sjgllhXxqspADk49Zf20jWSnKpmem0kIfwbITc3HxZW+ehHVj8C1xag==", "Правдина", "Снижкоа", "Ивановна", "metamorphosing@gmail.com", 889836614428, "/upload/avatars/78.jpg", 2),
("hypogee", "jIgENj+DbbMIn83Wfcdxt5Vl0aQz4nOAfBi5ULeULf4HYhxWisXmwpa7puM4oye8h/HMYEh1/z/NQBfRav781Q==", "Нифонт", "Бородин", "Феликсович", "hypogee@gmail.com", 377438718239, "/upload/avatars/7.jpg", 3),
("disanimation", "l+8Vc8tMl8dImuXP7KHZgrkt8lokOLmbQ2SZ+ae2BaphOuxvOnRcbrdt07toB2it4bXBRmItIOAOwGlHDxlNUg==", "Зенона", "Чеботова", "Борисовна", "disanimation@gmail.com", 443183776862, "/upload/avatars/91.jpg", 3),
("fingerprintings", "bm/8iiuSLjFhCjbjkg97FoR2zJVaYRGt/OkFJIWNsm3SJMrJhCphiGNlTKrh07vej/bVH5F3HWCCw1a4lgu3oA==", "Артамон", "Сизев", "Эдуардович", "fingerprintings@gmail.com", 640644000286, "/upload/avatars/40.jpg", 3),
("Franny", "Z1HG+zYX2XNEAS7yU3JvJtnRekWvTKmxttBCOrJAeZKswXTups+NlmX1Ru/0Fb8gEhUqtVkyfeLHNXqm/cNA1Q==", "Даниил", "Карасюк", "Иваныч", "Franny@gmail.com", 198742317267, "/upload/avatars/40.jpg", 3),
("erythrocytolysin", "YRNyBM6Je2Fv8upErbtM01X4CTeR91qCGKgDPGt/pq5nXUe//rnG1VtuyHRealh2zTX7CjQHyX5LZxn9fQD5sQ==", "Ария", "Остапенкоа", "Дмитриевна", "erythrocytolysin@gmail.com", 350904667620, "/upload/avatars/91.jpg", 2),
("electromagnetics", "OEPs8kWdaX6Ywo3ua5GN2kXCvDDvCxdUdc+/Op5JjqxGSxOabks3UBOqq1X/pyfQRXPfKXJ7gByKXL0QG4icJw==", "Франциска", "Глаголева", "Алексеевна", "electromagnetics@gmail.com", 440151518802, "/upload/avatars/75.jpg", 2),
("hydrosulfite", "PNPdB+kZVCBE0u3UwniTVOpB7OX4SEGkUvLltl3wPLCWkowqeRTO0Lf86ZGQ0BKj4wlNa5EmRBYWeNi88pLjWA==", "Ермолай", "Кровопусков", "Игнатьевич", "hydrosulfite@gmail.com", 394001566421, "/upload/avatars/26.jpg", 3),
("guilty", "bGx+RMyhB0JSUgtolZ/BB+kBPrumBsjIuMbqixA/to1Nx48mmYjU545OWL/xsOHnoR9qBTKnIohYQKy6lE9D9g==", "Леопольд", "Цуканов", "Северинович", "guilty@gmail.com", 858649333599, "/upload/avatars/39.jpg", 2),
("iliau", "9EhQd0WyAFFHoaTEfQD+304U8GdkHMmgrDKEF+4vz362j2A8NYfrjR1hdvY2ha/yGKSBd0pj/qittDJ2gjCTAA==", "Соломон", "Чебурашкин", "Валерьевич", "iliau@gmail.com", 92744124626, "/upload/avatars/30.jpg", 3),
("mumble", "/NZMJg79xQrs2zOf8o/Bcp+tIN/Ppv1pOp9lD+ylpwkqpVaNOChg5/FYs2Ows46o5Ee/MXMXpMf7/iTHkSvBvQ==", "Адам", "Трепалин", "Иванович", "mumble@gmail.com", 553738973844, "/upload/avatars/9.jpg", 3),
("butic", "KCTx4cNL8WY/WjFBOlbSVdroX7FPNxfCyNSf5wSG1+teIHiZOI1rGI9Zo0ZNoyNz5lcczvts2foc+lMIgnWW8A==", "Варламий", "Загоскин", "Романович", "butic@gmail.com", 417886091729, "/upload/avatars/57.jpg", 2),
("grewhound", "M/j75YjF15q5ijHqMvH+E5IrcHMphubtw0qi3PTdh3hjuukRr/aYnZCKI6fvO7FrKvBa3FfBQ+UYjrNwMTi8eg==", "Адолия", "Вяземцева", "Михайловна", "grewhound@gmail.com", 116518813676, "/upload/avatars/119.jpg", 3),
("autotetraploid", "Q8Qha2MN+y5bt5Z7GaauRJxynI/E3hpV8+6xMu560TBo5d4trVBZXeQNUlSqMVl11cMg2IbZb4ZF/nmhmCuNoQ==", "Евстигней", "Рогожин", "Дмитриевич", "autotetraploid@gmail.com", 253547015958, "/upload/avatars/60.jpg", 2),
("colossi", "FAws9iUUqfLCeXg8G+3YI7WVay0EFbbP8IrrInY9lYvbBW/qyzV7QSVIaFrK+4C4R371Da3mAKRT9eSouL9y3A==", "Виргиния", "Павлиса", "Григорьевна", "colossi@gmail.com", 793312064399, "/upload/avatars/101.jpg", 3),
("auditress", "4DhxF4u2dFTSvnSqXBdd6PsaEU/qeGP2I8tYYjgUU57dF1PCstZPXi7mFZwrEKeCcpb+43P8C6ZzTIBNS+XlWg==", "Арий", "Фоминых", "Степанович", "auditress@gmail.com", 553974266962, "/upload/avatars/20.jpg", 3),
("antipatharian", "NAkwwrupFokM2jAZ7mKGTQK3Q5mPI2P40K7/uMZtcZGtuRyBqLAKunTcASLNXb8YGsSDUHiCVbybDRuiMUMCqA==", "Дормидбнт", "Чагин", "Леонидович", "antipatharian@gmail.com", 219320720830, "/upload/avatars/7.jpg", 2),
("nonschematizeds", "c2XizCmiv5+TcwvZUM/DjIOEL1O1fds+xMk4bd0y4K9Chn9spMSydY5nDY/wa9R/i4tGFXksGyXnmf8IlZPvzg==", "Зоя", "Осовецкийа", "Георгиевна", "nonschematizeds@gmail.com", 953013460309, "/upload/avatars/107.jpg", 2),
("gravesides", "C5rNa7pw9W2oKkcV0IKZwpghmP7wI7tEZD0ACV0YvByvs9GAfFoC3UPzmipGCqu8QQcbdZqBl1sN3WGHXvtNdg==", "Диомид", "Верзеин", "Иваныч", "gravesides@gmail.com", 778828197358, "/upload/avatars/44.jpg", 3),
("autopilot_s", "AapBaivJMjZjnvhrWdxxu/Qcxr4k9lQodjsg3Zh7jy3cmV/InHvJwgwnSnpcaVeobihvsu3kIFXBBOV5ES+c+w==", "Устин", "Галактонов", "Сергеевич", "autopilot_s@gmail.com", 540699690828, "/upload/avatars/36.jpg", 2),
("moniliasis", "S2X9r8r59CMr5KSFt2xDqxQbp8g8CNuf76XjmZA/9YnVjYX/7OQZJDSCfeLLwdna0kPGySf7TGM6BVg0872U/A==", "Киприан", "Шевелев", "Олегович", "moniliasis@gmail.com", 306611865258, "/upload/avatars/31.jpg", 2),
("cupferrons", "jida8GrfQiw7aUXl4GNhXWjHEZTlg6BzIgaFsEQpJ7T+7Va035Cmly16t32adh92pbrbZM4dIECCizpUw0R/MA==", "Рувим", "Подгорный", "Максимович", "cupferrons@gmail.com", 128638918169, "/upload/avatars/20.jpg", 2),
("nonnomination", "ttsECnaii7jtDqBS6lR2LfaQ1Dq7Mg+lVhbi0G+wFnv6omvWgtm5pyrV/+U6u0maubYeBbjxOjGlcf46vXThmw==", "Феофан", "Шарнин", "Саныч", "nonnomination@gmail.com", 246788083009, "/upload/avatars/39.jpg", 3),
("greenfinch", "b3sq8FomeOJYxUGXThZo71/U8k5KXlzckzyab2lJBhzwyL46E+wT1JzuLLLTBpsrp+p83Zq+uiN89pyE621gcg==", "Ольга", "Алхимова", "Андреевна", "greenfinch@gmail.com", 446462269340, "/upload/avatars/107.jpg", 2),
("draggy", "jYWF8ZTqxvia+pE1sYfeUkvJqWt4LfV7pepX2aQkE/Us7hh5RxjbkT+yNtNSuwUG32ZKoeBU5wPrS8zq9MPXdQ==", "Митрофан", "Соссиев", "Палыч", "draggy@gmail.com", 821124816504, "/upload/avatars/15.jpg", 3),
("dicrotal", "S6R38qSCckBM0RbtmOCMnWfDgNCGhsGfo8lHggGp/btnsL9srquAriBHU+eRa/yJyx3esKXzLi6dxFXNQEwllg==", "Викентия", "Жаброва", "Вячеславовна", "dicrotal@gmail.com", 365180172889, "/upload/avatars/68.jpg", 3),
("coarseness", "Eexth/8DcKF3wTQu5NUFbAjX+J2j65+Y8vgspH8vMv+E92/VJyVAYV/rfa0K2NMZ9yWep8FeJezhKb477ICMqA==", "Станислава", "Павлюхина", "Ильинична", "coarseness@gmail.com", 321065598418, "/upload/avatars/108.jpg", 3),
("geochronologist", "2bgVO2gc/FOOpNJvRlBzuu86csaINVWV1JS5kGE+pgTDRwwE4oqxV1EvgIy/PJgcG4CxfHd3KFQAM7wuX9ac3w==", "Каллиопий", "Малуша", "Платонович", "geochronologist@gmail.com", 765469843822, "/upload/avatars/45.jpg", 3),
("myrmica", "zbVVPDOoIHIEqBn8KkjwHaEPGG2jgn+NzYugnr3dhgLCgrUuKxscWMR4mQHfFOf79HCxO2otPcTB9lpvz/iqjg==", "Эмилий", "Рассохин", "Николаевич", "myrmica@gmail.com", 241709889313, "/upload/avatars/2.jpg", 2),
("balanus", "ue7LBdFP4JrbATD9TbUzQD7bSieC6AAbTsCKSVJLZy7gBJ5GKEJAtXLuMSdWr8GSJQ6LUO/0zfHTAcbjNMVp4A==", "Маркиан", "Валахов", "Ефимович", "balanus@gmail.com", 216159270970, "/upload/avatars/21.jpg", 2),
("lemniscatic", "L/tNPxJeYIJOflBZ6DWBQ6OdRCNmVuqUg07O/ctzxmUo6X88/Z1mKweFs0OFwaLr5bbMcl35TDRlnZRfGNs52g==", "Марат", "Володенков", "Вольфович", "lemniscatic@gmail.com", 389715535325, "/upload/avatars/29.jpg", 2),
("chifforobes", "+wxFc5ONuJCKCwjGjFZDOfWJ3J4BrDH3jftEQja5fhFLfwYwcZJZDXirt4lGX/+hF9KTQyhzePLteO4gYGg8hA==", "Дормидбнт", "Аврашко", "Геннадиевич", "chifforobes@gmail.com", 101789662550, "/upload/avatars/11.jpg", 3),
("camisade", "pumNUbD7I+MR6g+3rlaUsStc2QdxZ0gLrjKf6By8xUHoNno5CQYtafPrC/hkeO0OAw5Hp1EUZDcpGKCgHTvYLA==", "Василиса", "Пятайкина", "Петровна", "camisade@gmail.com", 301874315296, "/upload/avatars/82.jpg", 3),
("nonpapists", "RpMJW6PTxa5mEzgEM6t7oqhJgsqZzlZjjC6GIH8xn4htKeCVei35vnPyS9QTqI2OdkmFg+pt/1tJAG8agDgViw==", "Адина", "Гурова", "Леонидовна", "nonpapists@gmail.com", 262784614254, "/upload/avatars/109.jpg", 2),
("borrowed", "zwHhqEwwyNzbTynDpyQplaPiJzlV4Bd19IaLzidxz1SYzMOfIdkuQsxwnI+VJSean4VksFjDNlLSa+ugGCEcxA==", "Валентина", "Лихошерстова", "Олеговна", "borrowed@gmail.com", 412878049857, "/upload/avatars/106.jpg", 2),
("Christin", "dM5VuPxYkGyh2mXazGRec0Q96Sifkvi/6f7NdnnrDFSTr0yThkO6r/mbJN903dDFdNij0IMQZOXv1Ll8R9Q64w==", "Секлетинья", "Полишкоа", "Платоновна", "Christin@gmail.com", 658393010704, "/upload/avatars/79.jpg", 2);

# Fill table `employees`
INSERT INTO `employees` (`employee_id`, `experience`, `im`, `fb`, `vk`, `work_week`)
VALUES
(2, "1984-03-01", "https://www.instagram.com/2", "https://www.facebook.com/2", "https://vk.com/2", "1000010"),
(5, "1970-01-18", "https://www.instagram.com/5", "https://www.facebook.com/5", "https://vk.com/5", "1001011"),
(6, "1971-01-12", "https://www.instagram.com/6", "https://www.facebook.com/6", "https://vk.com/6", "0101011"),
(9, "2004-01-08", "https://www.instagram.com/9", "https://www.facebook.com/9", "https://vk.com/9", "1010111"),
(10, "1999-06-10", "https://www.instagram.com/10", "https://www.facebook.com/10", "https://vk.com/10", "0100000"),
(11, "1975-05-20", "https://www.instagram.com/11", "https://www.facebook.com/11", "https://vk.com/11", "1001001"),
(12, "1971-06-25", "https://www.instagram.com/12", "https://www.facebook.com/12", "https://vk.com/12", "1100001"),
(13, "1983-04-10", "https://www.instagram.com/13", "https://www.facebook.com/13", "https://vk.com/13", "1110010"),
(18, "1970-07-26", "https://www.instagram.com/18", "https://www.facebook.com/18", "https://vk.com/18", "0000000"),
(21, "2013-09-10", "https://www.instagram.com/21", "https://www.facebook.com/21", "https://vk.com/21", "1101110"),
(22, "1974-08-26", "https://www.instagram.com/22", "https://www.facebook.com/22", "https://vk.com/22", "0111111"),
(23, "2011-10-07", "https://www.instagram.com/23", "https://www.facebook.com/23", "https://vk.com/23", "1111110"),
(26, "1974-03-25", "https://www.instagram.com/26", "https://www.facebook.com/26", "https://vk.com/26", "0111111"),
(27, "1998-01-20", "https://www.instagram.com/27", "https://www.facebook.com/27", "https://vk.com/27", "1001100"),
(28, "2006-12-10", "https://www.instagram.com/28", "https://www.facebook.com/28", "https://vk.com/28", "1000111"),
(29, "2007-11-10", "https://www.instagram.com/29", "https://www.facebook.com/29", "https://vk.com/29", "0110010"),
(30, "1990-04-01", "https://www.instagram.com/30", "https://www.facebook.com/30", "https://vk.com/30", "0110110"),
(32, "2006-07-05", "https://www.instagram.com/32", "https://www.facebook.com/32", "https://vk.com/32", "1110000"),
(33, "2010-06-25", "https://www.instagram.com/33", "https://www.facebook.com/33", "https://vk.com/33", "0001000"),
(34, "1994-05-18", "https://www.instagram.com/34", "https://www.facebook.com/34", "https://vk.com/34", "0000110"),
(36, "1990-02-19", "https://www.instagram.com/36", "https://www.facebook.com/36", "https://vk.com/36", "1011010"),
(37, "2014-04-01", "https://www.instagram.com/37", "https://www.facebook.com/37", "https://vk.com/37", "0000111"),
(41, "1990-11-01", "https://www.instagram.com/41", "https://www.facebook.com/41", "https://vk.com/41", "1010011"),
(42, "2004-04-02", "https://www.instagram.com/42", "https://www.facebook.com/42", "https://vk.com/42", "0011111"),
(45, "1977-02-22", "https://www.instagram.com/45", "https://www.facebook.com/45", "https://vk.com/45", "0010110"),
(47, "2003-10-22", "https://www.instagram.com/47", "https://www.facebook.com/47", "https://vk.com/47", "0011011"),
(50, "1992-08-07", "https://www.instagram.com/50", "https://www.facebook.com/50", "https://vk.com/50", "1011100"),
(51, "2006-05-12", "https://www.instagram.com/51", "https://www.facebook.com/51", "https://vk.com/51", "1111001"),
(52, "1981-02-13", "https://www.instagram.com/52", "https://www.facebook.com/52", "https://vk.com/52", "1110110"),
(54, "2009-02-07", "https://www.instagram.com/54", "https://www.facebook.com/54", "https://vk.com/54", "1011001"),
(63, "1974-06-21", "https://www.instagram.com/63", "https://www.facebook.com/63", "https://vk.com/63", "0010110"),
(64, "1999-05-17", "https://www.instagram.com/64", "https://www.facebook.com/64", "https://vk.com/64", "1010000"),
(66, "1974-11-21", "https://www.instagram.com/66", "https://www.facebook.com/66", "https://vk.com/66", "0111001"),
(71, "1989-01-04", "https://www.instagram.com/71", "https://www.facebook.com/71", "https://vk.com/71", "0010101"),
(72, "2000-03-15", "https://www.instagram.com/72", "https://www.facebook.com/72", "https://vk.com/72", "0001000"),
(74, "1990-10-10", "https://www.instagram.com/74", "https://www.facebook.com/74", "https://vk.com/74", "1011111"),
(77, "2002-08-18", "https://www.instagram.com/77", "https://www.facebook.com/77", "https://vk.com/77", "1011011"),
(79, "1999-10-23", "https://www.instagram.com/79", "https://www.facebook.com/79", "https://vk.com/79", "1100101"),
(82, "1981-07-13", "https://www.instagram.com/82", "https://www.facebook.com/82", "https://vk.com/82", "0111111"),
(83, "1988-04-13", "https://www.instagram.com/83", "https://www.facebook.com/83", "https://vk.com/83", "0010010"),
(85, "2008-09-15", "https://www.instagram.com/85", "https://www.facebook.com/85", "https://vk.com/85", "1101100"),
(86, "1990-10-17", "https://www.instagram.com/86", "https://www.facebook.com/86", "https://vk.com/86", "0110111"),
(87, "1976-08-19", "https://www.instagram.com/87", "https://www.facebook.com/87", "https://vk.com/87", "1000010"),
(89, "2011-03-17", "https://www.instagram.com/89", "https://www.facebook.com/89", "https://vk.com/89", "1100101"),
(94, "2002-07-05", "https://www.instagram.com/94", "https://www.facebook.com/94", "https://vk.com/94", "0111010"),
(95, "2008-09-14", "https://www.instagram.com/95", "https://www.facebook.com/95", "https://vk.com/95", "0000111"),
(96, "1988-11-04", "https://www.instagram.com/96", "https://www.facebook.com/96", "https://vk.com/96", "1111100"),
(99, "1989-08-28", "https://www.instagram.com/99", "https://www.facebook.com/99", "https://vk.com/99", "0000100"),
(100, "1988-04-15", "https://www.instagram.com/100", "https://www.facebook.com/100", "https://vk.com/100", "1010101"),
(101, "1973-01-03", "https://www.instagram.com/101", "https://www.facebook.com/101", "https://vk.com/101", "1001010");

# Fill table `offers`
INSERT INTO `offers` (`name`, `description`, `image_path`, `price`, `period`, `isMain`, `isShow`)
VALUES
("Традиционная<br\>стрижка", "Эта классическая традиционная услуга идеально подходит,<br/>если вы хотите, чтобы ваши волосы были подстрижены правильно.<br/>Наши парикмахеры будут рады помочь вам с этим.<br/>Мытьё волос. Стрижка машинкой. Укладка волос.", "/upload/admin/service/traditional-haircut.png", 25, 25, 1, 1),
("Бритьё<br\>бороды", "Бритьё бороды - одна из наших самых популярных услуг.<br/>Это необходимость для всех мужчин,<br/>которые хотят иметь бороду, которая выглядит потрясающе.<br/>Распаривание кожного покрова лица. Бритьё шаветкой.", "/upload/admin/service/beard-shave.png", 40, 60, 1, 1),
("Подравнивание<br\>усов", "Усы - это классический выбор мужчин,<br>и они никогда не выйдут из моды надолго.<br>С нами вы можете сохранить свои усы ухоженными.<br/>Подравнивание усов. Укладка.", "/upload/admin/service/mustache-trim.png", 30, 45, 1, 1),
("Подравнивание<br\>бороды", "Все хорошо знаю, что борода придаёт брутальности лицу.<br/>Чтобы ваша борода смотрелась аккуратно,<br/>за ней нужен уход, именно поэтому мы предлагаем данную услугу.<br/>Придание формы бороде шаветкой. Укладка бороды.", "/upload/admin/service/beard-trim.png", 25, 30, 1, 1),
("Рисунок на волосах", "Стрижка волос согласно трафарету.", "/upload/admin/service/hair-draw.png", 55, 90, 0, 1),
("Афрокосички", "Мытьё волос. Заплетание косичек.", "/upload/admin/service/afro-braids.png", 150, 90, 0, 1),
("Покраска бороды", "Мытьё, окрашивание волос бороды.", "/upload/admin/service/beard-paint.png", 45, 75, 0, 1),
("Пробор/Окантовка", "Придание формы причёске.", "/upload/admin/service/part-edge.png", 10, 20, 0, 1),
("Укладка", "Укладка волос.", "/upload/admin/service/styling.png", 10, 15, 0, 1),
("Тонирование бороды", "Мытье, окрашивание, укладка бороды.", "/upload/admin/service/beard-tint.png", 35, 40, 0, 1);

# Fill table `reservations`
INSERT INTO `reservations` (`offer_id`, `customer_id`, `employee_id`, `date`)
VALUES
(10, 70, 9, "2019-12-17"),
(4, 81, 28, "2019-12-21"),
(5, 40, 79, "2019-12-25"),
(3, 31, 100, "2019-12-12"),
(8, 35, 11, "2019-12-15"),
(5, 40, 79, "2019-12-20"),
(4, 25, 86, "2019-12-27"),
(4, 92, 30, "2019-12-15"),
(10, 61, 37, "2019-12-14"),
(10, 35, 82, "2019-12-15"),
(10, 60, 33, "2019-12-29"),
(1, 60, 22, "2019-12-27"),
(2, 73, 6, "2019-12-19"),
(6, 25, 66, "2019-12-19"),
(4, 44, 77, "2019-12-17"),
(7, 92, 94, "2019-12-17"),
(7, 15, 18, "2019-12-27"),
(8, 57, 99, "2019-12-22"),
(4, 68, 10, "2019-12-28"),
(9, 90, 28, "2019-12-19"),
(4, 24, 86, "2019-12-26"),
(8, 65, 99, "2019-12-26"),
(2, 40, 86, "2019-12-21"),
(6, 53, 63, "2019-12-15"),
(9, 16, 42, "2019-12-26"),
(3, 16, 21, "2019-12-12"),
(7, 70, 63, "2019-12-12"),
(9, 49, 42, "2019-12-28"),
(1, 98, 89, "2019-12-27"),
(10, 92, 63, "2019-12-27"),
(9, 43, 77, "2019-12-27"),
(7, 88, 41, "2019-12-13"),
(3, 43, 101, "2019-12-16"),
(6, 70, 37, "2019-12-23"),
(10, 70, 37, "2019-12-23"),
(1, 93, 72, "2019-12-22"),
(2, 88, 64, "2019-12-28"),
(2, 76, 100, "2019-12-20"),
(4, 58, 86, "2019-12-23"),
(6, 46, 89, "2019-12-28"),
(7, 16, 66, "2019-12-25"),
(1, 67, 64, "2019-12-14"),
(2, 70, 13, "2019-12-20"),
(5, 68, 10, "2019-12-18"),
(6, 98, 33, "2019-12-26"),
(3, 68, 11, "2019-12-15"),
(9, 35, 26, "2019-12-24"),
(7, 70, 83, "2019-12-14"),
(7, 93, 64, "2019-12-16"),
(6, 73, 87, "2019-12-15"),
(2, 3, 6, "2019-12-21"),
(4, 80, 77, "2019-12-21"),
(6, 49, 63, "2019-12-18"),
(8, 39, 74, "2019-12-27"),
(3, 78, 72, "2019-12-25"),
(1, 76, 52, "2019-12-24"),
(10, 55, 64, "2019-12-23"),
(4, 67, 21, "2019-12-24"),
(4, 58, 63, "2019-12-15"),
(7, 57, 36, "2019-12-22"),
(4, 65, 36, "2019-12-26"),
(5, 91, 86, "2019-12-22"),
(3, 8, 71, "2019-12-20"),
(7, 88, 10, "2019-12-19"),
(6, 59, 9, "2019-12-27"),
(9, 14, 54, "2019-12-19"),
(9, 90, 83, "2019-12-25"),
(3, 39, 100, "2019-12-24"),
(2, 91, 42, "2019-12-14"),
(7, 61, 45, "2019-12-24"),
(5, 73, 13, "2019-12-22"),
(1, 48, 34, "2019-12-22"),
(5, 17, 85, "2019-12-16"),
(1, 46, 79, "2019-12-17"),
(2, 60, 22, "2019-12-17"),
(2, 81, 10, "2019-12-17"),
(6, 15, 94, "2019-12-21"),
(5, 60, 23, "2019-12-28"),
(10, 15, 41, "2019-12-26"),
(10, 58, 45, "2019-12-23"),
(2, 53, 27, "2019-12-20"),
(4, 98, 66, "2019-12-16"),
(10, 35, 87, "2019-12-14"),
(10, 44, 30, "2019-12-27"),
(9, 43, 87, "2019-12-22"),
(6, 20, 26, "2019-12-12"),
(4, 4, 87, "2019-12-22"),
(9, 88, 47, "2019-12-26"),
(7, 15, 10, "2019-12-21"),
(7, 53, 50, "2019-12-14"),
(1, 31, 79, "2019-12-13"),
(9, 31, 47, "2019-12-16"),
(6, 8, 41, "2019-12-12"),
(1, 17, 12, "2019-12-16"),
(3, 3, 85, "2019-12-28"),
(8, 76, 82, "2019-12-22"),
(7, 59, 22, "2019-12-14"),
(4, 75, 96, "2019-12-17"),
(10, 68, 100, "2019-12-22"),
(7, 46, 42, "2019-12-21");
